"","Train","TrainStop","Station","TravelTime","StopID","Stop","LineName"
"1","3","301","""New Lots Av""",0,"257","01","34"
"2","3","302","""Van Siclen Av""",90,"256","02","34"
"3","3","303","""Pennsylvania Av""",60,"255","03","34"
"4","3","304","""Junius St""",90,"254","04","34"
"5","3","305","""Rockaway Av""",60,"253","05","34"
"6","3","306","""Saratoga Av""",120,"252","06","34"
"7","3","307","""Sutter Av - Rutland Rd""",90,"251","07","34"
"8","3","308","""Crown Hts - Utica Av""",210,"250","08","345"
"9","3","309","""Kingston Av""",180,"249","09","34"
"10","3","3010","""Nostrand Av""",90,"248","010","34"
"11","3","3011","""Franklin Av""",90,"239","011","2345"
"12","3","3012","""Eastern Pkwy - Brooklyn Museum""",90,"238","012","234"
"13","3","3013","""Grand Army Plaza""",120,"237","013","234"
"14","3","3014","""Bergen St""",120,"236","014","234"
"15","3","3015","""Atlantic Av - Barclays Ctr""",60,"235","015","2345"
"16","3","3016","""Nevins St""",90,"234","016","2345"
"17","3","3017","""Hoyt St""",90,"233","017","23"
"18","3","3018","""Borough Hall""",90,"232","018","23"
"19","3","3019","""Clark St""",90,"231","019","23"
"20","3","3020","""Wall St""",180,"230","020","23"
"21","3","3021","""Fulton St""",60,"229","021","23"
"22","3","3022","""Park Pl""",150,"228","022","23"
"23","3","3023","""Chambers St""",60,"137","023","123"
"24","3","3024","""14 St""",270,"132","024","123"
"25","3","3025","""34 St - Penn Station""",150,"128","025","123"
"26","3","3026","""Times Sq - 42 St""",60,"127","026","123"
"27","3","3027","""72 St""",240,"123","027","123"
"28","3","3028","""96 St""",180,"120","028","123"
"29","3","3029","""Central Park North (110 St)""",240,"227","029","23"
"30","3","3030","""116 St""",60,"226","030","23"
"31","3","3031","""125 St""",90,"225","031","23"
"32","3","3032","""135 St""",90,"224","032","23"
"33","3","3033","""145 St""",120,"302","033","3"
"34","3","3034","""Harlem - 148 St""",120,"301","034","3"
"35","4","401","""Woodlawn""",0,"401","01","4"
"36","4","402","""Mosholu Pkwy""",120,"402","02","4"
"37","4","403","""Bedford Park Blvd - Lehman College""",120,"405","03","4"
"38","4","404","""Kingsbridge Rd""",120,"406","04","4"
"39","4","405","""Fordham Rd""",60,"407","05","4"
"40","4","406","""183 St""",60,"408","06","4"
"41","4","407","""Burnside Av""",90,"409","07","4"
"42","4","408","""176 St""",90,"410","08","4"
"43","4","409","""Mt Eden Av""",90,"411","09","4"
"44","4","4010","""170 St""",60,"412","010","4"
"45","4","4011","""167 St""",90,"413","011","4"
"46","4","4012","""161 St - Yankee Stadium""",120,"414","012","4"
"47","4","4013","""149 St - Grand Concourse""",180,"415","013","4"
"48","4","4014","""138 St - Grand Concourse""",120,"416","014","45"
"49","4","4015","""125 St""",150,"621","015","4566X"
"50","4","4016","""86 St""",270,"626","016","4566X"
"51","4","4017","""59 St""",210,"629","017","4566X"
"52","4","4018","""Grand Central - 42 St""",150,"631","018","4566X"
"53","4","4019","""14 St - Union Sq""",210,"635","019","4566X"
"54","4","4020","""Brooklyn Bridge - City Hall""",270,"640","020","4566X6X"
"55","4","4021","""Fulton St""",90,"418","021","45"
"56","4","4022","""Wall St""",90,"419","022","45"
"57","4","4023","""Bowling Green""",60,"420","023","45"
"58","4","4024","""Borough Hall""",300,"423","024","45"
"59","4","4025","""Nevins St""",90,"234","025","2345"
"60","4","4026","""Atlantic Av - Barclays Ctr""",90,"235","026","2345"
"61","4","4027","""Bergen St""",60,"236","027","234"
"62","4","4028","""Grand Army Plaza""",120,"237","028","234"
"63","4","4029","""Eastern Pkwy - Brooklyn Museum""",120,"238","029","234"
"64","4","4030","""Franklin Av""",90,"239","030","2345"
"65","4","4031","""Nostrand Av""",90,"248","031","34"
"66","4","4032","""Kingston Av""",90,"249","032","34"
"67","4","4033","""Crown Hts - Utica Av""",720,"250","033","345"
"68","4","4034","""Sutter Av - Rutland Rd""",750,"251","034","34"
"69","4","4035","""Saratoga Av""",90,"252","035","34"
"70","4","4036","""Rockaway Av""",120,"253","036","34"
"71","4","4037","""Junius St""",60,"254","037","34"
"72","4","4038","""Pennsylvania Av""",90,"255","038","34"
"73","4","4039","""Van Siclen Av""",60,"256","039","34"
"74","4","4040","""New Lots Av""",90,"257","040","34"
"75","4","4041","""138 St - Grand Concourse""",150,"416","041","45"
"76","4","4042","""149 St - Grand Concourse""",120,"415","042","4"
"77","4","4043","""161 St - Yankee Stadium""",150,"414","043","4"
"78","4","4044","""167 St""",90,"413","044","4"
"79","4","4045","""170 St""",90,"412","045","4"
"80","4","4046","""Mt Eden Av""",60,"411","046","4"
"81","4","4047","""176 St""",60,"410","047","4"
"82","4","4048","""Burnside Av""",690,"409","048","4"
"83","4","4049","""183 St""",690,"408","049","4"
"84","4","4050","""Fordham Rd""",60,"407","050","4"
"85","4","4051","""Kingsbridge Rd""",90,"406","051","4"
"86","4","4052","""Bedford Park Blvd - Lehman College""",120,"405","052","4"
"87","4","4053","""Mosholu Pkwy""",120,"402","053","4"
"88","4","4054","""Woodlawn""",120,"401","054","4"
"89","5","501","""Nereid Av""",0,"204","01","25"
"90","5","502","""233 St""",90,"205","02","25"
"91","5","503","""225 St""",90,"206","03","25"
"92","5","504","""219 St""",60,"207","04","25"
"93","5","505","""Gun Hill Rd""",120,"208","05","25"
"94","5","506","""Burke Av""",90,"209","06","25"
"95","5","507","""Allerton Av""",90,"210","07","25"
"96","5","508","""Pelham Pkwy""",120,"211","08","25"
"97","5","509","""Bronx Park East""",150,"212","09","25"
"98","5","5010","""E 180 St""",120,"213","010","25"
"99","5","5011","""3 Av - 149 St""",690,"221","011","25"
"100","5","5012","""149 St - Grand Concourse""",120,"222","012","25"
"101","5","5013","""138 St - Grand Concourse""",270,"416","013","45"
"102","5","5014","""125 St""",270,"621","014","4566X"
"103","5","5015","""86 St""",330,"626","015","4566X"
"104","5","5016","""59 St""",360,"629","016","4566X"
"105","5","5017","""Grand Central - 42 St""",240,"631","017","4566X"
"106","5","5018","""14 St - Union Sq""",300,"635","018","4566X"
"107","5","5019","""Brooklyn Bridge - City Hall""",360,"640","019","4566X6X"
"108","5","5020","""Fulton St""",120,"418","020","45"
"109","5","5021","""Wall St""",90,"419","021","45"
"110","5","5022","""Bowling Green""",90,"420","022","45"
"111","5","5023","""Borough Hall""",330,"423","023","45"
"112","5","5024","""Nevins St""",120,"234","024","2345"
"113","5","5025","""Atlantic Av - Barclays Ctr""",90,"235","025","2345"
"114","5","5026","""Franklin Av""",300,"239","026","2345"
"115","5","5027","""Crown Hts - Utica Av""",270,"250","027","345"
"116","5","5028","""Sterling St""",90,"242","028","25"
"117","5","5029","""Winthrop St""",90,"243","029","25"
"118","5","5030","""Church Av""",90,"244","030","25"
"119","5","5031","""Beverly Rd""",90,"245","031","25"
"120","5","5032","""Newkirk Av""",90,"246","032","25"
"121","5","5033","""Flatbush Av - Brooklyn College""",120,"247","033","25"
"122","5","5034","""Gun Hill Rd""",180,"503","034","5"
"123","5","5035","""Baychester Av""",120,"502","035","5"
"124","5","5036","""Eastchester - Dyre Av""",150,"501","036","5"
"125","5","5037","""Gun Hill Rd""",180,"503","037","5"
"126","5","5038","""Baychester Av""",120,"502","038","5"
"127","5","5039","""Eastchester - Dyre Av""",150,"501","039","5"
"128","6","601","""Pelham Bay Park""",0,"601","01","66X"
"129","6","602","""Buhre Av""",150,"602","02","66X"
"130","6","603","""Middletown Rd""",90,"603","03","66X"
"131","6","604","""Westchester Sq - E Tremont Av""",90,"604","04","66X"
"132","6","605","""Zerega Av""",60,"606","05","66X"
"133","6","606","""Castle Hill Av""",60,"607","06","66X"
"134","6","607","""Parkchester""",120,"608","07","66X"
"135","6","608","""St Lawrence Av""",90,"609","08","6"
"136","6","609","""Morrison Av- Sound View""",90,"610","09","6"
"137","6","6010","""Elder Av""",60,"611","010","6"
"138","6","6011","""Whitlock Av""",90,"612","011","6"
"139","6","6012","""Hunts Point Av""",120,"613","012","66X"
"140","6","6013","""Longwood Av""",90,"614","013","6"
"141","6","6014","""E 149 St""",120,"615","014","6"
"142","6","6015","""E 143 St - St Mary's St""",60,"616","015","6"
"143","6","6016","""Cypress Av""",120,"617","016","6"
"144","6","6017","""Brook Av""",60,"618","017","6"
"145","6","6018","""3 Av - 138 St""",90,"619","018","66X"
"146","6","6019","""125 St""",180,"621","019","4566X"
"147","6","6020","""116 St""",90,"622","020","66X"
"148","6","6021","""110 St""",90,"623","021","66X"
"149","6","6022","""103 St""",60,"624","022","66X"
"150","6","6023","""96 St""",90,"625","023","66X"
"151","6","6024","""86 St""",120,"626","024","4566X"
"152","6","6025","""77 St""",90,"627","025","66X"
"153","6","6026","""68 St - Hunter College""",120,"628","026","66X"
"154","6","6027","""59 St""",90,"629","027","4566X"
"155","6","6028","""51 St""",90,"630","028","66X"
"156","6","6029","""Grand Central - 42 St""",120,"631","029","4566X"
"157","6","6030","""33 St""",120,"632","030","66X"
"158","6","6031","""28 St""",60,"633","031","66X"
"159","6","6032","""23 St""",60,"634","032","66X"
"160","6","6033","""14 St - Union Sq""",120,"635","033","4566X"
"161","6","6034","""Astor Pl""",60,"636","034","66X"
"162","6","6035","""Bleecker St""",90,"637","035","66X6X"
"163","6","6036","""Spring St""",60,"638","036","66X6X"
"164","6","6037","""Canal St""",90,"639","037","66X6X"
"165","6","6038","""Brooklyn Bridge - City Hall""",120,"640","038","4566X6X"
"166","6X","6X01","""Pelham Bay Park""",0,"601","01","66X"
"167","6X","6X02","""Buhre Av""",150,"602","02","66X"
"168","6X","6X03","""Middletown Rd""",90,"603","03","66X"
"169","6X","6X04","""Westchester Sq - E Tremont Av""",90,"604","04","66X"
"170","6X","6X05","""Zerega Av""",60,"606","05","66X"
"171","6X","6X06","""Castle Hill Av""",60,"607","06","66X"
"172","6X","6X07","""Parkchester""",120,"608","07","66X"
"173","6X","6X08","""Hunts Point Av""",330,"613","08","66X"
"174","6X","6X09","""3 Av - 138 St""",420,"619","09","66X"
"175","6X","6X010","""125 St""",180,"621","010","4566X"
"176","6X","6X011","""116 St""",90,"622","011","66X"
"177","6X","6X012","""110 St""",90,"623","012","66X"
"178","6X","6X013","""103 St""",60,"624","013","66X"
"179","6X","6X014","""96 St""",90,"625","014","66X"
"180","6X","6X015","""86 St""",120,"626","015","4566X"
"181","6X","6X016","""77 St""",120,"627","016","66X"
"182","6X","6X017","""68 St - Hunter College""",90,"628","017","66X"
"183","6X","6X018","""59 St""",120,"629","018","4566X"
"184","6X","6X019","""51 St""",90,"630","019","66X"
"185","6X","6X020","""Grand Central - 42 St""",120,"631","020","4566X"
"186","6X","6X021","""33 St""",120,"632","021","66X"
"187","6X","6X022","""28 St""",60,"633","022","66X"
"188","6X","6X023","""23 St""",60,"634","023","66X"
"189","6X","6X024","""14 St - Union Sq""",120,"635","024","4566X"
"190","6X","6X025","""Astor Pl""",60,"636","025","66X"
"191","6X","6X026","""Bleecker St""",90,"637","026","66X6X"
"192","6X","6X027","""Spring St""",60,"638","027","66X6X"
"193","6X","6X028","""Canal St""",90,"639","028","66X6X"
"194","6X","6X029","""Brooklyn Bridge - City Hall""",120,"640","029","4566X6X"
"195","6X","6X030","""Bleecker St""",90,"637","030","66X6X"
"196","6X","6X031","""Spring St""",60,"638","031","66X6X"
"197","6X","6X032","""Canal St""",90,"639","032","66X6X"
"198","6X","6X033","""Brooklyn Bridge - City Hall""",120,"640","033","4566X6X"
"199","7","701","""Flushing - Main St""",0,"701","01","77X"
"200","7","702","""Mets - Willets Point""",150,"702","02","77X"
"201","7","703","""111 St""",90,"705","03","7"
"202","7","704","""103 St - Corona Plaza""",60,"706","04","7"
"203","7","705","""Junction Blvd""",60,"707","05","77X"
"204","7","706","""90 St - Elmhurst Av""",90,"708","06","7"
"205","7","707","""82 St - Jackson Hts""",60,"709","07","7"
"206","7","708","""74 St - Broadway""",60,"710","08","7"
"207","7","709","""69 St""",90,"711","09","7"
"208","7","7010","""Woodside - 61 St""",120,"712","010","77X"
"209","7","7011","""52 St""",90,"713","011","7"
"210","7","7012","""46 St""",60,"714","012","7"
"211","7","7013","""40 St""",60,"715","013","7"
"212","7","7014","""33 St""",90,"716","014","7"
"213","7","7015","""Queensboro Plaza""",120,"718","015","77X"
"214","7","7016","""Court Sq""",90,"719","016","77X"
"215","7","7017","""Hunters Point Av""",120,"720","017","77X"
"216","7","7018","""Vernon Blvd - Jackson Av""",60,"721","018","77X"
"217","7","7019","""Grand Central - 42 St""",270,"723","019","77X"
"218","7","7020","""5 Av""",90,"724","020","77X"
"219","7","7021","""Times Sq - 42 St""",90,"725","021","77X"
"220","7X","7X01","""Flushing - Main St""",0,"701","01","77X"
"221","7X","7X02","""Mets - Willets Point""",180,"702","02","77X"
"222","7X","7X03","""Junction Blvd""",270,"707","03","77X"
"223","7X","7X04","""Woodside - 61 St""",300,"712","04","77X"
"224","7X","7X05","""Queensboro Plaza""",360,"718","05","77X"
"225","7X","7X06","""Court Sq""",120,"719","06","77X"
"226","7X","7X07","""Hunters Point Av""",120,"720","07","77X"
"227","7X","7X08","""Vernon Blvd - Jackson Av""",60,"721","08","77X"
"228","7X","7X09","""Grand Central - 42 St""",330,"723","09","77X"
"229","7X","7X010","""5 Av""",90,"724","010","77X"
"230","7X","7X011","""Times Sq - 42 St""",90,"725","011","77X"
"231","GS","GS01","""Grand Central - 42 St""",0,"901","01","GS"
"232","GS","GS02","""Times Sq - 42 St""",90,"902","02","GS"
"233","1","101","""Van Cortlandt Park - 242 St""",0,"101","01","1"
"234","1","102","""238 St""",90,"103","02","1"
"235","1","103","""231 St""",90,"104","03","1"
"236","1","104","""Marble Hill - 225 St""",90,"106","04","1"
"237","1","105","""215 St""",90,"107","05","1"
"238","1","106","""207 St""",60,"108","06","1"
"239","1","107","""Dyckman St""",90,"109","07","1"
"240","1","108","""191 St""",90,"110","08","1"
"241","1","109","""181 St""",90,"111","09","1"
"242","1","1010","""168 St - Washington Hts""",120,"112","010","1"
"243","1","1011","""157 St""",90,"113","011","1"
"244","1","1012","""145 St""",120,"114","012","1"
"245","1","1013","""137 St - City College""",90,"115","013","1"
"246","1","1014","""125 St""",90,"116","014","1"
"247","1","1015","""116 St - Columbia University""",150,"117","015","1"
"248","1","1016","""Cathedral Pkwy""",60,"118","016","1"
"249","1","1017","""103 St""",60,"119","017","1"
"250","1","1018","""96 St""",120,"120","018","123"
"251","1","1019","""86 St""",120,"121","019","1"
"252","1","1020","""79 St""",60,"122","020","1"
"253","1","1021","""72 St""",90,"123","021","123"
"254","1","1022","""66 St - Lincoln Center""",90,"124","022","1"
"255","1","1023","""59 St - Columbus Circle""",90,"125","023","1"
"256","1","1024","""50 St""",120,"126","024","1"
"257","1","1025","""Times Sq - 42 St""",90,"127","025","123"
"258","1","1026","""34 St - Penn Station""",90,"128","026","123"
"259","1","1027","""28 St""",60,"129","027","1"
"260","1","1028","""23 St""",60,"130","028","1"
"261","1","1029","""18 St""",60,"131","029","1"
"262","1","1030","""14 St""",60,"132","030","123"
"263","1","1031","""Christopher St - Sheridan Sq""",90,"133","031","1"
"264","1","1032","""Houston St""",90,"134","032","1"
"265","1","1033","""Canal St""",120,"135","033","1"
"266","1","1034","""Franklin St""",60,"136","034","1"
"267","1","1035","""Chambers St""",180,"137","035","123"
"268","1","1036","""Cortlandt St""",210,"138","036","1"
"269","1","1037","""Rector St""",150,"139","037","1"
"270","1","1038","""South Ferry Loop""",210,"140","038","1"
"271","2","201","""Nereid Av""",0,"204","01","25"
"272","2","202","""233 St""",90,"205","02","25"
"273","2","203","""225 St""",90,"206","03","25"
"274","2","204","""219 St""",60,"207","04","25"
"275","2","205","""Gun Hill Rd""",90,"208","05","25"
"276","2","206","""Burke Av""",120,"209","06","25"
"277","2","207","""Allerton Av""",90,"210","07","25"
"278","2","208","""Pelham Pkwy""",120,"211","08","25"
"279","2","209","""Bronx Park East""",120,"212","09","25"
"280","2","2010","""E 180 St""",120,"213","010","25"
"281","2","2011","""West Farms Sq - E Tremont Av""",90,"214","011","2"
"282","2","2012","""174 St""",120,"215","012","2"
"283","2","2013","""Freeman St""",150,"216","013","2"
"284","2","2014","""Simpson St""",90,"217","014","2"
"285","2","2015","""Intervale Av""",90,"218","015","2"
"286","2","2016","""Prospect Av""",90,"219","016","2"
"287","2","2017","""Jackson Av""",90,"220","017","2"
"288","2","2018","""3 Av - 149 St""",150,"221","018","25"
"289","2","2019","""149 St - Grand Concourse""",120,"222","019","25"
"290","2","2020","""135 St""",210,"224","020","23"
"291","2","2021","""125 St""",90,"225","021","23"
"292","2","2022","""116 St""",90,"226","022","23"
"293","2","2023","""Central Park North (110 St)""",60,"227","023","23"
"294","2","2024","""96 St""",270,"120","024","123"
"295","2","2025","""72 St""",150,"123","025","123"
"296","2","2026","""Times Sq - 42 St""",240,"127","026","123"
"297","2","2027","""34 St - Penn Station""",60,"128","027","123"
"298","2","2028","""14 St""",180,"132","028","123"
"299","2","2029","""Chambers St""",270,"137","029","123"
"300","2","2030","""Park Pl""",90,"228","030","23"
"301","2","2031","""Fulton St""",120,"229","031","23"
"302","2","2032","""Wall St""",90,"230","032","23"
"303","2","2033","""Clark St""",270,"231","033","23"
"304","2","2034","""Borough Hall""",60,"232","034","23"
"305","2","2035","""Hoyt St""",90,"233","035","23"
"306","2","2036","""Nevins St""",60,"234","036","2345"
"307","2","2037","""Atlantic Av - Barclays Ctr""",90,"235","037","2345"
"308","2","2038","""Bergen St""",60,"236","038","234"
"309","2","2039","""Grand Army Plaza""",120,"237","039","234"
"310","2","2040","""Eastern Pkwy - Brooklyn Museum""",120,"238","040","234"
"311","2","2041","""Franklin Av""",90,"239","041","2345"
"312","2","2042","""President St""",180,"241","042","2"
"313","2","2043","""Sterling St""",90,"242","043","25"
"314","2","2044","""Winthrop St""",90,"243","044","25"
"315","2","2045","""Church Av""",90,"244","045","25"
"316","2","2046","""Beverly Rd""",90,"245","046","25"
"317","2","2047","""Newkirk Av""",90,"246","047","25"
"318","2","2048","""Flatbush Av - Brooklyn College""",120,"247","048","25"
"319","2","2049","""Wakefield - 241 St""",120,"201","049","2"
"320","2","2050","""233 St""",90,"205","050","25"
"321","2","2051","""Nereid Av""",90,"204","051","25"
"322","2","2052","""Wakefield - 241 St""",120,"201","052","2"
"323","2","2053","""Eastern Pkwy - Brooklyn Museum""",120,"238","053","234"
"324","2","2054","""Franklin Av""",90,"239","054","2345"
"325","2","2055","""President St""",150,"241","055","2"
"326","2","2056","""Sterling St""",90,"242","056","25"
"327","2","2057","""Winthrop St""",90,"243","057","25"
"328","2","2058","""Church Av""",570,"244","058","25"
"329","2","2059","""Beverly Rd""",570,"245","059","25"
"330","2","2060","""Newkirk Av""",90,"246","060","25"
"331","2","2061","""Flatbush Av - Brooklyn College""",120,"247","061","25"
"332","E","E01","""Jamaica Center - Parsons/Archer""",0,"G05","01","EJZ"
"333","E","E02","""Sutphin Blvd - Archer Av - JFK Airport""",90,"G06","02","EJZ"
"334","E","E03","""Jamaica - Van Wyck""",150,"G07","03","E"
"335","E","E04","""Briarwood - Van Wyck Blvd""",90,"F05","04","EF"
"336","E","E05","""Kew Gardens - Union Tpke""",90,"F06","05","EF"
"337","E","E06","""75 Av""",90,"F07","06","EF"
"338","E","E07","""Forest Hills - 71 Av""",90,"G08","07","EFMR"
"339","E","E08","""67 Av""",90,"G09","08","EMR"
"340","E","E09","""63 Dr - Rego Park""",120,"G10","09","EMR"
"341","E","E010","""Woodhaven Blvd""",60,"G11","010","EMR"
"342","E","E011","""Grand Av - Newtown""",120,"G12","011","EMR"
"343","E","E012","""Elmhurst Av""",90,"G13","012","EMR"
"344","E","E013","""Jackson Hts - Roosevelt Av""",90,"G14","013","EFMR"
"345","E","E014","""65 St""",90,"G15","014","EMR"
"346","E","E015","""Northern Blvd""",90,"G16","015","EMR"
"347","E","E016","""46 St""",90,"G18","016","EMR"
"348","E","E017","""Steinway St""",90,"G19","017","EMR"
"349","E","E018","""36 St""",120,"G20","018","EMR"
"350","E","E019","""Queens Plaza""",120,"G21","019","EMR"
"351","E","E020","""Court Sq""",90,"F09","020","EM"
"352","E","E021","""Lexington Av/53 St""",180,"F11","021","EM"
"353","E","E022","""5 Av/53 St""",90,"F12","022","EM"
"354","E","E023","""7 Av""",90,"D14","023","BDE"
"355","E","E024","""50 St""",90,"A25","024","ACE"
"356","E","E025","""42 St - Port Authority Bus Terminal""",120,"A27","025","ACE"
"357","E","E026","""34 St - Penn Station""",60,"A28","026","ACE"
"358","E","E027","""23 St""",90,"A30","027","ACE"
"359","E","E028","""14 St""",90,"A31","028","ACE"
"360","E","E029","""W 4 St""",120,"A32","029","ACE"
"361","E","E030","""Spring St""",90,"A33","030","ACE"
"362","E","E031","""Canal St""",90,"A34","031","ACE"
"363","E","E032","""World Trade Center""",120,"E01","032","E"
"364","F","F01","""Jamaica - 179 St""",0,"F01","01","F"
"365","F","F02","""169 St""",90,"F02","02","F"
"366","F","F03","""Parsons Blvd""",120,"F03","03","F"
"367","F","F04","""Sutphin Blvd""",60,"F04","04","F"
"368","F","F05","""Briarwood - Van Wyck Blvd""",120,"F05","05","EF"
"369","F","F06","""Kew Gardens - Union Tpke""",90,"F06","06","EF"
"370","F","F07","""75 Av""",90,"F07","07","EF"
"371","F","F08","""Forest Hills - 71 Av""",120,"G08","08","EFMR"
"372","F","F09","""Jackson Hts - Roosevelt Av""",420,"G14","09","EFMR"
"373","F","F010","""21 St - Queensbridge""",390,"B04","010","F"
"374","F","F011","""Roosevelt Island""",120,"B06","011","F"
"375","F","F012","""Lexington Av/63 St""",150,"B08","012","F"
"376","F","F013","""57 St""",150,"B10","013","F"
"377","F","F014","""47-50 Sts - Rockefeller Ctr""",90,"D15","014","BDFM"
"378","F","F015","""42 St - Bryant Pk""",90,"D16","015","BDFM"
"379","F","F016","""34 St - Herald Sq""",90,"D17","016","BDFM"
"380","F","F017","""23 St""",90,"D18","017","FM"
"381","F","F018","""14 St""",90,"D19","018","FM"
"382","F","F019","""W 4 St""",90,"D20","019","BDFM"
"383","F","F020","""Broadway-Lafayette St""",150,"D21","020","BDFM"
"384","F","F021","""2 Av""",90,"F14","021","F"
"385","F","F022","""Delancey St""",90,"F15","022","F"
"386","F","F023","""East Broadway""",90,"F16","023","F"
"387","F","F024","""York St""",150,"F18","024","F"
"388","F","F025","""Jay St - MetroTech""",90,"A41","025","ACF"
"389","F","F026","""Bergen St""",150,"F20","026","FG"
"390","F","F027","""Carroll St""",90,"F21","027","FG"
"391","F","F028","""Smith - 9 Sts""",90,"F22","028","FG"
"392","F","F029","""4 Av""",90,"F23","029","FG"
"393","F","F030","""7 Av""",90,"F24","030","FG"
"394","F","F031","""15 St - Prospect Park""",90,"F25","031","FG"
"395","F","F032","""Fort Hamilton Pkwy""",120,"F26","032","FG"
"396","F","F033","""Church Av""",90,"F27","033","FG"
"397","F","F034","""Ditmas Av""",120,"F29","034","F"
"398","F","F035","""18 Av""",120,"F30","035","F"
"399","F","F036","""Avenue I""",60,"F31","036","F"
"400","F","F037","""Bay Pkwy""",60,"F32","037","F"
"401","F","F038","""Avenue N""",120,"F33","038","F"
"402","F","F039","""Avenue P""",90,"F34","039","F"
"403","F","F040","""Kings Hwy""",300,"F35","040","F"
"404","F","F041","""Avenue U""",330,"F36","041","F"
"405","F","F042","""Avenue X""",300,"F38","042","F"
"406","F","F043","""Neptune Av""",300,"F39","043","F"
"407","F","F044","""W 8 St - NY Aquarium""",90,"D42","044","FQ"
"408","F","F045","""Coney Island - Stillwell Av""",90,"D43","045","DFNQ"
"409","FS","FS01","""Franklin Av""",0,"S01","01","FS"
"410","FS","FS02","""Park Pl""",120,"S03","02","FS"
"411","FS","FS03","""Botanic Garden""",90,"S04","03","FS"
"412","FS","FS04","""Prospect Park""",180,"D26","04","BFSQ"
"413","G","G01","""Church Av""",0,"F27","01","FG"
"414","G","G02","""Fort Hamilton Pkwy""",120,"F26","02","FG"
"415","G","G03","""15 St - Prospect Park""",150,"F25","03","FG"
"416","G","G04","""7 Av""",120,"F24","04","FG"
"417","G","G05","""4 Av""",120,"F23","05","FG"
"418","G","G06","""Smith - 9 Sts""",90,"F22","06","FG"
"419","G","G07","""Carroll St""",120,"F21","07","FG"
"420","G","G08","""Bergen St""",90,"F20","08","FG"
"421","G","G09","""Hoyt - Schermerhorn Sts""",120,"A42","09","ACG"
"422","G","G010","""Fulton St""",90,"G36","010","G"
"423","G","G011","""Clinton - Washington Avs""",90,"G35","011","G"
"424","G","G012","""Classon Av""",90,"G34","012","G"
"425","G","G013","""Bedford - Nostrand Avs""",60,"G33","013","G"
"426","G","G014","""Myrtle - Willoughby Avs""",90,"G32","014","G"
"427","G","G015","""Flushing Av""",90,"G31","015","G"
"428","G","G016","""Broadway""",90,"G30","016","G"
"429","G","G017","""Metropolitan Av""",60,"G29","017","G"
"430","G","G018","""Nassau Av""",180,"G28","018","G"
"431","G","G019","""Greenpoint Av""",90,"G26","019","G"
"432","G","G020","""21 St""",150,"G24","020","G"
"433","G","G021","""Court Sq""",60,"G22","021","G"
"434","H","H01","""Rockaway Park - Beach 116 St""",0,"H15","01","H"
"435","H","H02","""Beach 105 St""",150,"H14","02","H"
"436","H","H03","""Beach 98 St""",90,"H13","03","H"
"437","H","H04","""Beach 90 St""",120,"H12","04","H"
"438","H","H05","""Broad Channel""",360,"H04","05","AH"
"439","J","J01","""Jamaica Center - Parsons/Archer""",0,"G05","01","EJZ"
"440","J","J02","""Sutphin Blvd - Archer Av - JFK Airport""",60,"G06","02","EJZ"
"441","J","J03","""121 St""",240,"J12","03","JZ"
"442","J","J04","""111 St""",90,"J13","04","J"
"443","J","J05","""104 St""",120,"J14","05","JZ"
"444","J","J06","""Woodhaven Blvd""",90,"J15","06","JZ"
"445","J","J07","""85 St - Forest Pkwy""",120,"J16","07","J"
"446","J","J08","""75 St""",90,"J17","08","JZ"
"447","J","J09","""Cypress Hills""",60,"J19","09","J"
"448","J","J010","""Crescent St""",120,"J20","010","JZ"
"449","J","J011","""Norwood Av""",120,"J21","011","JZ"
"450","J","J012","""Cleveland St""",60,"J22","012","J"
"451","J","J013","""Van Siclen Av""",90,"J23","013","JZ"
"452","J","J014","""Alabama Av""",90,"J24","014","JZ"
"453","J","J015","""Broadway Jct""",120,"J27","015","JZ"
"454","J","J016","""Chauncey St""",90,"J28","016","JZ"
"455","J","J017","""Halsey St""",90,"J29","017","J"
"456","J","J018","""Gates Av""",90,"J30","018","JZ"
"457","J","J019","""Kosciuszko St""",90,"J31","019","J"
"458","J","J020","""Myrtle Av""",120,"M11","020","JMZ"
"459","J","J021","""Flushing Av""",90,"M12","021","JM"
"460","J","J022","""Lorimer St""",90,"M13","022","JM"
"461","J","J023","""Hewes St""",90,"M14","023","JM"
"462","J","J024","""Marcy Av""",60,"M16","024","JMZ"
"463","J","J025","""Essex St""",450,"M18","025","JMZ"
"464","J","J026","""Bowery""",90,"M19","026","JZ"
"465","J","J027","""Canal St""",90,"M20","027","JZ"
"466","J","J028","""Chambers St""",90,"M21","028","JZ"
"467","J","J029","""Fulton St""",60,"M22","029","JZ"
"468","J","J030","""Broad St""",90,"M23","030","JZ"
"469","Z","Z01","""Jamaica Center - Parsons/Archer""",0,"G05","01","EJZ"
"470","Z","Z02","""Sutphin Blvd - Archer Av - JFK Airport""",60,"G06","02","EJZ"
"471","Z","Z03","""121 St""",240,"J12","03","JZ"
"472","Z","Z04","""104 St""",180,"J14","04","JZ"
"473","Z","Z05","""Woodhaven Blvd""",90,"J15","05","JZ"
"474","Z","Z06","""75 St""",180,"J17","06","JZ"
"475","Z","Z07","""Crescent St""",150,"J20","07","JZ"
"476","Z","Z08","""Norwood Av""",90,"J21","08","JZ"
"477","Z","Z09","""Van Siclen Av""",150,"J23","09","JZ"
"478","Z","Z010","""Alabama Av""",60,"J24","010","JZ"
"479","Z","Z011","""Broadway Jct""",90,"J27","011","JZ"
"480","Z","Z012","""Chauncey St""",60,"J28","012","JZ"
"481","Z","Z013","""Gates Av""",150,"J30","013","JZ"
"482","Z","Z014","""Myrtle Av""",180,"M11","014","JMZ"
"483","Z","Z015","""Marcy Av""",240,"M16","015","JMZ"
"484","Z","Z016","""Essex St""",450,"M18","016","JMZ"
"485","Z","Z017","""Bowery""",90,"M19","017","JZ"
"486","Z","Z018","""Canal St""",120,"M20","018","JZ"
"487","Z","Z019","""Chambers St""",90,"M21","019","JZ"
"488","Z","Z020","""Fulton St""",90,"M22","020","JZ"
"489","Z","Z021","""Broad St""",90,"M23","021","JZ"
"490","L","L01","""E 105 St""",0,"L28","01","L"
"491","L","L02","""New Lots Av""",120,"L27","02","L"
"492","L","L03","""Livonia Av""",90,"L26","03","L"
"493","L","L04","""Sutter Av""",90,"L25","04","L"
"494","L","L05","""Atlantic Av""",90,"L24","05","L"
"495","L","L06","""Broadway Jct""",90,"L22","06","L"
"496","L","L07","""Bushwick Av - Aberdeen St""",60,"L21","07","L"
"497","L","L08","""Wilson Av""",90,"L20","08","L"
"498","L","L09","""Halsey St""",120,"L19","09","L"
"499","L","L010","""Myrtle - Wyckoff Avs""",90,"L17","010","L"
"500","L","L011","""DeKalb Av""",90,"L16","011","L"
"501","L","L012","""Jefferson St""",90,"L15","012","L"
"502","L","L013","""Morgan Av""",120,"L14","013","L"
"503","L","L014","""Montrose Av""",120,"L13","014","L"
"504","L","L015","""Grand St""",60,"L12","015","L"
"505","L","L016","""Graham Av""",90,"L11","016","L"
"506","L","L017","""Lorimer St""",60,"L10","017","L"
"507","L","L018","""Bedford Av""",90,"L08","018","L"
"508","L","L019","""1 Av""",240,"L06","019","L"
"509","L","L020","""3 Av""",60,"L05","020","L"
"510","L","L021","""Union Sq - 14 St""",90,"L03","021","L"
"511","L","L022","""6 Av""",90,"L02","022","L"
"512","L","L023","""8 Av""",90,"L01","023","L"
"513","L","L024","""Canarsie - Rockaway Pkwy""",90,"L29","024","L"
"514","M","M01","""Forest Hills - 71 Av""",0,"G08","01","EFMR"
"515","M","M02","""67 Av""",120,"G09","02","EMR"
"516","M","M03","""63 Dr - Rego Park""",120,"G10","03","EMR"
"517","M","M04","""Woodhaven Blvd""",90,"G11","04","EMR"
"518","M","M05","""Grand Av - Newtown""",120,"G12","05","EMR"
"519","M","M06","""Elmhurst Av""",90,"G13","06","EMR"
"520","M","M07","""Jackson Hts - Roosevelt Av""",120,"G14","07","EFMR"
"521","M","M08","""65 St""",90,"G15","08","EMR"
"522","M","M09","""Northern Blvd""",90,"G16","09","EMR"
"523","M","M010","""46 St""",90,"G18","010","EMR"
"524","M","M011","""Steinway St""",120,"G19","011","EMR"
"525","M","M012","""36 St""",120,"G20","012","EMR"
"526","M","M013","""Queens Plaza""",120,"G21","013","EMR"
"527","M","M014","""Court Sq""",120,"F09","014","EM"
"528","M","M015","""Lexington Av/53 St""",210,"F11","015","EM"
"529","M","M016","""5 Av/53 St""",120,"F12","016","EM"
"530","M","M017","""47-50 Sts - Rockefeller Ctr""",120,"D15","017","BDFM"
"531","M","M018","""42 St - Bryant Pk""",90,"D16","018","BDFM"
"532","M","M019","""34 St - Herald Sq""",90,"D17","019","BDFM"
"533","M","M020","""23 St""",120,"D18","020","FM"
"534","M","M021","""14 St""",90,"D19","021","FM"
"535","M","M022","""W 4 St""",90,"D20","022","BDFM"
"536","M","M023","""Broadway-Lafayette St""",150,"D21","023","BDFM"
"537","M","M024","""Essex St""",180,"M18","024","JMZ"
"538","M","M025","""Marcy Av""",450,"M16","025","JMZ"
"539","M","M026","""Hewes St""",60,"M14","026","JM"
"540","M","M027","""Lorimer St""",90,"M13","027","JM"
"541","M","M028","""Flushing Av""",90,"M12","028","JM"
"542","M","M029","""Myrtle Av""",150,"M11","029","JMZ"
"543","M","M030","""Central Av""",240,"M10","030","M"
"544","M","M031","""Knickerbocker Av""",90,"M09","031","M"
"545","M","M032","""Myrtle - Wyckoff Avs""",120,"M08","032","M"
"546","M","M033","""Seneca Av""",90,"M06","033","M"
"547","M","M034","""Forest Av""",60,"M05","034","M"
"548","M","M035","""Fresh Pond Rd""",90,"M04","035","M"
"549","M","M036","""Middle Village - Metropolitan Av""",120,"M01","036","M"
"550","N","N01","""Astoria - Ditmars Blvd""",0,"R01","01","NQ"
"551","N","N02","""Astoria Blvd""",90,"R03","02","NQ"
"552","N","N03","""30 Av""",60,"R04","03","NQ"
"553","N","N04","""Broadway""",90,"R05","04","NQ"
"554","N","N05","""36 Av""",120,"R06","05","NQ"
"555","N","N06","""39 Av""",60,"R08","06","N"
"556","N","N07","""Queensboro Plaza""",120,"R09","07","N"
"557","N","N08","""Lexington Av/59 St""",270,"R11","08","NR"
"558","N","N09","""5 Av/59 St""",90,"R13","09","NR"
"559","N","N010","""57 St - 7 Av""",150,"R14","010","NQR"
"560","N","N011","""49 St""",90,"R15","011","NQR"
"561","N","N012","""Times Sq - 42 St""",90,"R16","012","NQR"
"562","N","N013","""34 St - Herald Sq""",90,"R17","013","NQR"
"563","N","N014","""28 St""",60,"R18","014","NQR"
"564","N","N015","""23 St""",60,"R19","015","NQR"
"565","N","N016","""14 St - Union Sq""",90,"R20","016","NQR"
"566","N","N017","""8 St - NYU""",90,"R21","017","NQR"
"567","N","N018","""Prince St""",90,"R22","018","NQR"
"568","N","N019","""Canal St""",90,"R23","019","NR"
"569","N","N020","""City Hall""",150,"R24","020","NR"
"570","N","N021","""Cortlandt St""",120,"R25","021","NR"
"571","N","N022","""Rector St""",60,"R26","022","NR"
"572","N","N023","""Whitehall St""",120,"R27","023","NR"
"573","N","N024","""Court St""",210,"R28","024","NR"
"574","N","N025","""Jay St - MetroTech""",120,"R29","025","NR"
"575","N","N026","""DeKalb Av""",300,"R30","026","BDNQR"
"576","N","N027","""Atlantic Av - Barclays Ctr""",390,"R31","027","DNR"
"577","N","N028","""Union St""",120,"R32","028","DNR"
"578","N","N029","""9 St""",90,"R33","029","DNR"
"579","N","N030","""Prospect Av""",120,"R34","030","DNR"
"580","N","N031","""25 St""",90,"R35","031","DNR"
"581","N","N032","""36 St""",90,"R36","032","DNR"
"582","N","N033","""45 St""",120,"R39","033","NR"
"583","N","N034","""53 St""",90,"R40","034","NR"
"584","N","N035","""59 St""",90,"R41","035","NR"
"585","N","N036","""8 Av""",180,"N02","036","N"
"586","N","N037","""Fort Hamilton Pkwy""",90,"N03","037","N"
"587","N","N038","""New Utrecht Av""",120,"N04","038","N"
"588","N","N039","""18 Av""",90,"N05","039","N"
"589","N","N040","""20 Av""",90,"N06","040","N"
"590","N","N041","""Bay Pkwy""",90,"N07","041","N"
"591","N","N042","""Kings Hwy""",120,"N08","042","N"
"592","N","N043","""Avenue U""",120,"N09","043","N"
"593","N","N044","""86 St""",60,"N10","044","N"
"594","N","N045","""Coney Island - Stillwell Av""",240,"D43","045","DFNQ"
"595","Q","Q01","""57 St - 7 Av""",0,"R14","01","NQR"
"596","Q","Q02","""49 St""",90,"R15","02","NQR"
"597","Q","Q03","""Times Sq - 42 St""",90,"R16","03","NQR"
"598","Q","Q04","""34 St - Herald Sq""",90,"R17","04","NQR"
"599","Q","Q05","""28 St""",60,"R18","05","NQR"
"600","Q","Q06","""23 St""",60,"R19","06","NQR"
"601","Q","Q07","""14 St - Union Sq""",90,"R20","07","NQR"
"602","Q","Q08","""8 St - NYU""",90,"R21","08","NQR"
"603","Q","Q09","""Prince St""",90,"R22","09","NQR"
"604","Q","Q010","""Canal St""",120,"Q01","010","Q"
"605","Q","Q011","""DeKalb Av""",480,"R30","011","BDNQR"
"606","Q","Q012","""Atlantic Av - Barclays Ctr""",90,"D24","012","BQ"
"607","Q","Q013","""7 Av""",150,"D25","013","BQ"
"608","Q","Q014","""Prospect Park""",240,"D26","014","BFSQ"
"609","Q","Q015","""Parkside Av""",90,"D27","015","Q"
"610","Q","Q016","""Church Av""",90,"D28","016","BQ"
"611","Q","Q017","""Beverley Rd""",90,"D29","017","Q"
"612","Q","Q018","""Cortelyou Rd""",30,"D30","018","Q"
"613","Q","Q019","""Newkirk Plaza""",90,"D31","019","BQ"
"614","Q","Q020","""Avenue H""",90,"D32","020","Q"
"615","Q","Q021","""Avenue J""",60,"D33","021","Q"
"616","Q","Q022","""Avenue M""",120,"D34","022","Q"
"617","Q","Q023","""Kings Hwy""",120,"D35","023","BQ"
"618","Q","Q024","""Avenue U""",150,"D37","024","Q"
"619","Q","Q025","""Neck Rd""",60,"D38","025","Q"
"620","Q","Q026","""Sheepshead Bay""",150,"D39","026","BQ"
"621","Q","Q027","""Brighton Beach""",120,"D40","027","BQ"
"622","Q","Q028","""Ocean Pkwy""",120,"D41","028","Q"
"623","Q","Q029","""W 8 St - NY Aquarium""",120,"D42","029","FQ"
"624","Q","Q030","""Coney Island - Stillwell Av""",90,"D43","030","DFNQ"
"625","Q","Q031","""36 Av""",60,"R06","031","NQ"
"626","Q","Q032","""Broadway""",120,"R05","032","NQ"
"627","Q","Q033","""30 Av""",90,"R04","033","NQ"
"628","Q","Q034","""Astoria Blvd""",90,"R03","034","NQ"
"629","Q","Q035","""Astoria - Ditmars Blvd""",90,"R01","035","NQ"
"630","R","R01","""36 St""",0,"R36","01","DNR"
"631","R","R02","""45 St""",120,"R39","02","NR"
"632","R","R03","""53 St""",90,"R40","03","NR"
"633","R","R04","""59 St""",90,"R41","04","NR"
"634","R","R05","""Bay Ridge Av""",120,"R42","05","R"
"635","R","R06","""77 St""",90,"R43","06","R"
"636","R","R07","""86 St""",120,"R44","07","R"
"637","R","R08","""Bay Ridge - 95 St""",90,"R45","08","R"
"638","R","R09","""25 St""",90,"R35","09","DNR"
"639","R","R010","""Prospect Av""",90,"R34","010","DNR"
"640","R","R011","""9 St""",120,"R33","011","DNR"
"641","R","R012","""Union St""",90,"R32","012","DNR"
"642","R","R013","""Atlantic Av - Barclays Ctr""",120,"R31","013","DNR"
"643","R","R014","""DeKalb Av""",270,"R30","014","BDNQR"
"644","R","R015","""Jay St - MetroTech""",180,"R29","015","NR"
"645","R","R016","""Court St""",120,"R28","016","NR"
"646","R","R017","""Whitehall St""",210,"R27","017","NR"
"647","R","R018","""Rector St""",120,"R26","018","NR"
"648","R","R019","""Cortlandt St""",60,"R25","019","NR"
"649","R","R020","""City Hall""",120,"R24","020","NR"
"650","R","R021","""Canal St""",150,"R23","021","NR"
"651","R","R022","""Prince St""",90,"R22","022","NQR"
"652","R","R023","""8 St - NYU""",120,"R21","023","NQR"
"653","R","R024","""14 St - Union Sq""",90,"R20","024","NQR"
"654","R","R025","""23 St""",90,"R19","025","NQR"
"655","R","R026","""28 St""",60,"R18","026","NQR"
"656","R","R027","""34 St - Herald Sq""",60,"R17","027","NQR"
"657","R","R028","""Times Sq - 42 St""",90,"R16","028","NQR"
"658","R","R029","""49 St""",90,"R15","029","NQR"
"659","R","R030","""57 St - 7 Av""",90,"R14","030","NQR"
"660","R","R031","""5 Av/59 St""",150,"R13","031","NR"
"661","R","R032","""Lexington Av/59 St""",90,"R11","032","NR"
"662","R","R033","""Queens Plaza""",330,"G21","033","EMR"
"663","R","R034","""36 St""",120,"G20","034","EMR"
"664","R","R035","""Steinway St""",120,"G19","035","EMR"
"665","R","R036","""46 St""",90,"G18","036","EMR"
"666","R","R037","""Northern Blvd""",90,"G16","037","EMR"
"667","R","R038","""65 St""",60,"G15","038","EMR"
"668","R","R039","""Jackson Hts - Roosevelt Av""",90,"G14","039","EFMR"
"669","R","R040","""Elmhurst Av""",90,"G13","040","EMR"
"670","R","R041","""Grand Av - Newtown""",90,"G12","041","EMR"
"671","R","R042","""Woodhaven Blvd""",120,"G11","042","EMR"
"672","R","R043","""63 Dr - Rego Park""",60,"G10","043","EMR"
"673","R","R044","""67 Av""",120,"G09","044","EMR"
"674","R","R045","""Forest Hills - 71 Av""",90,"G08","045","EFMR"
"675","A","A01","""Inwood - 207 St""",0,"A02","01","A"
"676","A","A02","""Dyckman St""",90,"A03","02","A"
"677","A","A03","""190 St""",120,"A05","03","A"
"678","A","A04","""181 St""",120,"A06","04","A"
"679","A","A05","""175 St""",60,"A07","05","A"
"680","A","A06","""168 St""",120,"A09","06","AC"
"681","A","A07","""163 St - Amsterdam Av""",90,"A10","07","AC"
"682","A","A08","""155 St""",90,"A11","08","AC"
"683","A","A09","""145 St""",90,"A12","09","AC"
"684","A","A010","""135 St""",120,"A14","010","ABC"
"685","A","A011","""125 St""",90,"A15","011","ABCD"
"686","A","A012","""116 St""",90,"A16","012","ABC"
"687","A","A013","""Cathedral Pkwy (110 St)""",90,"A17","013","ABC"
"688","A","A014","""103 St""",60,"A18","014","ABC"
"689","A","A015","""96 St""",90,"A19","015","ABC"
"690","A","A016","""86 St""",90,"A20","016","ABC"
"691","A","A017","""81 St - Museum of Natural History""",90,"A21","017","ABC"
"692","A","A018","""72 St""",90,"A22","018","ABC"
"693","A","A019","""59 St - Columbus Circle""",90,"A24","019","ABCD"
"694","A","A020","""50 St""",90,"A25","020","ACE"
"695","A","A021","""42 St - Port Authority Bus Terminal""",120,"A27","021","ACE"
"696","A","A022","""34 St - Penn Station""",60,"A28","022","ACE"
"697","A","A023","""23 St""",90,"A30","023","ACE"
"698","A","A024","""14 St""",90,"A31","024","ACE"
"699","A","A025","""W 4 St""",120,"A32","025","ACE"
"700","A","A026","""Spring St""",90,"A33","026","ACE"
"701","A","A027","""Canal St""",90,"A34","027","ACE"
"702","A","A028","""Chambers St""",120,"A36","028","AC"
"703","A","A029","""Fulton St""",120,"A38","029","AC"
"704","A","A030","""High St""",180,"A40","030","AC"
"705","A","A031","""Jay St - MetroTech""",120,"A41","031","ACF"
"706","A","A032","""Hoyt - Schermerhorn Sts""",90,"A42","032","ACG"
"707","A","A033","""Lafayette Av""",120,"A43","033","AC"
"708","A","A034","""Clinton - Washington Avs""",90,"A44","034","AC"
"709","A","A035","""Franklin Av""",90,"A45","035","AC"
"710","A","A036","""Nostrand Av""",60,"A46","036","AC"
"711","A","A037","""Kingston - Throop Avs""",120,"A47","037","AC"
"712","A","A038","""Utica Av""",90,"A48","038","AC"
"713","A","A039","""Ralph Av""",120,"A49","039","AC"
"714","A","A040","""Rockaway Av""",90,"A50","040","AC"
"715","A","A041","""Broadway Jct""",90,"A51","041","AC"
"716","A","A042","""Liberty Av""",120,"A52","042","AC"
"717","A","A043","""Van Siclen Av""",90,"A53","043","AC"
"718","A","A044","""Shepherd Av""",90,"A54","044","AC"
"719","A","A045","""Euclid Av""",90,"A55","045","AC"
"720","A","A046","""Grant Av""",90,"A57","046","A"
"721","A","A047","""80 St""",90,"A59","047","A"
"722","A","A048","""88 St""",90,"A60","048","A"
"723","A","A049","""Rockaway Blvd""",90,"A61","049","A"
"724","A","A050","""Aqueduct - N Conduit Av""",240,"H02","050","A"
"725","A","A051","""Howard Beach - JFK Airport""",120,"H03","051","A"
"726","A","A052","""Broad Channel""",390,"H04","052","AH"
"727","A","A053","""Beach 67 St""",480,"H06","053","A"
"728","A","A054","""Beach 60 St""",540,"H07","054","A"
"729","A","A055","""Beach 44 St""",330,"H08","055","A"
"730","A","A056","""Beach 36 St""",90,"H09","056","A"
"731","A","A057","""Beach 25 St""",120,"H10","057","A"
"732","A","A058","""Far Rockaway - Mott Av""",90,"H11","058","A"
"733","A","A059","""Inwood - 207 St""",240,"A02","059","A"
"734","B","B01","""Bedford Park Blvd""",0,"D03","01","BD"
"735","B","B02","""Kingsbridge Rd""",120,"D04","02","BD"
"736","B","B03","""Fordham Rd""",120,"D05","03","BD"
"737","B","B04","""182-183 Sts""",90,"D06","04","BD"
"738","B","B05","""Tremont Av""",90,"D07","05","BD"
"739","B","B06","""174-175 Sts""",90,"D08","06","BD"
"740","B","B07","""170 St""",150,"D09","07","BD"
"741","B","B08","""167 St""",120,"D10","08","BD"
"742","B","B09","""161 St - Yankee Stadium""",150,"D11","09","BD"
"743","B","B010","""155 St""",90,"D12","010","BD"
"744","B","B011","""145 St""",90,"D13","011","BD"
"745","B","B012","""135 St""",120,"A14","012","ABC"
"746","B","B013","""125 St""",210,"A15","013","ABCD"
"747","B","B014","""116 St""",210,"A16","014","ABC"
"748","B","B015","""Cathedral Pkwy (110 St)""",90,"A17","015","ABC"
"749","B","B016","""103 St""",60,"A18","016","ABC"
"750","B","B017","""96 St""",90,"A19","017","ABC"
"751","B","B018","""86 St""",90,"A20","018","ABC"
"752","B","B019","""81 St - Museum of Natural History""",90,"A21","019","ABC"
"753","B","B020","""72 St""",90,"A22","020","ABC"
"754","B","B021","""59 St - Columbus Circle""",90,"A24","021","ABCD"
"755","B","B022","""7 Av""",120,"D14","022","BDE"
"756","B","B023","""47-50 Sts - Rockefeller Ctr""",120,"D15","023","BDFM"
"757","B","B024","""42 St - Bryant Pk""",90,"D16","024","BDFM"
"758","B","B025","""34 St - Herald Sq""",120,"D17","025","BDFM"
"759","B","B026","""W 4 St""",180,"D20","026","BDFM"
"760","B","B027","""Broadway-Lafayette St""",120,"D21","027","BDFM"
"761","B","B028","""Grand St""",120,"D22","028","BD"
"762","B","B029","""DeKalb Av""",510,"R30","029","BDNQR"
"763","B","B030","""Atlantic Av - Barclays Ctr""",120,"D24","030","BQ"
"764","B","B031","""7 Av""",120,"D25","031","BQ"
"765","B","B032","""Prospect Park""",270,"D26","032","BFSQ"
"766","B","B033","""Church Av""",120,"D28","033","BQ"
"767","B","B034","""Newkirk Plaza""",150,"D31","034","BQ"
"768","B","B035","""Kings Hwy""",270,"D35","035","BQ"
"769","B","B036","""Sheepshead Bay""",300,"D39","036","BQ"
"770","B","B037","""Brighton Beach""",120,"D40","037","BQ"
"771","C","C01","""Euclid Av""",0,"A55","01","AC"
"772","C","C02","""Shepherd Av""",90,"A54","02","AC"
"773","C","C03","""Van Siclen Av""",120,"A53","03","AC"
"774","C","C04","""Liberty Av""",90,"A52","04","AC"
"775","C","C05","""Broadway Jct""",120,"A51","05","AC"
"776","C","C06","""Rockaway Av""",90,"A50","06","AC"
"777","C","C07","""Ralph Av""",90,"A49","07","AC"
"778","C","C08","""Utica Av""",120,"A48","08","AC"
"779","C","C09","""Kingston - Throop Avs""",120,"A47","09","AC"
"780","C","C010","""Nostrand Av""",90,"A46","010","AC"
"781","C","C011","""Franklin Av""",60,"A45","011","AC"
"782","C","C012","""Clinton - Washington Avs""",120,"A44","012","AC"
"783","C","C013","""Lafayette Av""",90,"A43","013","AC"
"784","C","C014","""Hoyt - Schermerhorn Sts""",120,"A42","014","ACG"
"785","C","C015","""Jay St - MetroTech""",120,"A41","015","ACF"
"786","C","C016","""High St""",120,"A40","016","AC"
"787","C","C017","""Fulton St""",240,"A38","017","AC"
"788","C","C018","""Chambers St""",120,"A36","018","AC"
"789","C","C019","""Canal St""",90,"A34","019","ACE"
"790","C","C020","""Spring St""",90,"A33","020","ACE"
"791","C","C021","""W 4 St""",120,"A32","021","ACE"
"792","C","C022","""14 St""",180,"A31","022","ACE"
"793","C","C023","""23 St""",90,"A30","023","ACE"
"794","C","C024","""34 St - Penn Station""",150,"A28","024","ACE"
"795","C","C025","""42 St - Port Authority Bus Terminal""",90,"A27","025","ACE"
"796","C","C026","""50 St""",150,"A25","026","ACE"
"797","C","C027","""59 St - Columbus Circle""",270,"A24","027","ABCD"
"798","C","C028","""72 St""",180,"A22","028","ABC"
"799","C","C029","""81 St - Museum of Natural History""",90,"A21","029","ABC"
"800","C","C030","""86 St""",90,"A20","030","ABC"
"801","C","C031","""96 St""",90,"A19","031","ABC"
"802","C","C032","""103 St""",90,"A18","032","ABC"
"803","C","C033","""Cathedral Pkwy (110 St)""",60,"A17","033","ABC"
"804","C","C034","""116 St""",90,"A16","034","ABC"
"805","C","C035","""125 St""",90,"A15","035","ABCD"
"806","C","C036","""135 St""",120,"A14","036","ABC"
"807","C","C037","""145 St""",90,"A12","037","AC"
"808","C","C038","""155 St""",90,"A11","038","AC"
"809","C","C039","""163 St - Amsterdam Av""",90,"A10","039","AC"
"810","C","C040","""168 St""",90,"A09","040","AC"
"811","D","D01","""Norwood - 205 St""",0,"D01","01","D"
"812","D","D02","""Bedford Park Blvd""",240,"D03","02","BD"
"813","D","D03","""Kingsbridge Rd""",240,"D04","03","BD"
"814","D","D04","""Fordham Rd""",90,"D05","04","BD"
"815","D","D05","""182-183 Sts""",90,"D06","05","BD"
"816","D","D06","""Tremont Av""",90,"D07","06","BD"
"817","D","D07","""174-175 Sts""",90,"D08","07","BD"
"818","D","D08","""170 St""",150,"D09","08","BD"
"819","D","D09","""167 St""",120,"D10","09","BD"
"820","D","D010","""161 St - Yankee Stadium""",150,"D11","010","BD"
"821","D","D011","""155 St""",90,"D12","011","BD"
"822","D","D012","""145 St""",90,"D13","012","BD"
"823","D","D013","""125 St""",210,"A15","013","ABCD"
"824","D","D014","""59 St - Columbus Circle""",480,"A24","014","ABCD"
"825","D","D015","""7 Av""",90,"D14","015","BDE"
"826","D","D016","""47-50 Sts - Rockefeller Ctr""",90,"D15","016","BDFM"
"827","D","D017","""42 St - Bryant Pk""",90,"D16","017","BDFM"
"828","D","D018","""34 St - Herald Sq""",90,"D17","018","BDFM"
"829","D","D019","""W 4 St""",180,"D20","019","BDFM"
"830","D","D020","""Broadway-Lafayette St""",120,"D21","020","BDFM"
"831","D","D021","""Grand St""",120,"D22","021","BD"
"832","D","D022","""DeKalb Av""",600,"R30","022","BDNQR"
"833","D","D023","""Atlantic Av - Barclays Ctr""",300,"R31","023","DNR"
"834","D","D024","""Union St""",120,"R32","024","DNR"
"835","D","D025","""9 St""",90,"R33","025","DNR"
"836","D","D026","""Prospect Av""",120,"R34","026","DNR"
"837","D","D027","""25 St""",90,"R35","027","DNR"
"838","D","D028","""36 St""",90,"R36","028","DNR"
"839","D","D029","""9 Av""",240,"B12","029","D"
"840","D","D030","""Fort Hamilton Pkwy""",120,"B13","030","D"
"841","D","D031","""50 St""",90,"B14","031","D"
"842","D","D032","""55 St""",120,"B15","032","D"
"843","D","D033","""62 St""",90,"B16","033","D"
"844","D","D034","""71 St""",120,"B17","034","D"
"845","D","D035","""79 St""",90,"B18","035","D"
"846","D","D036","""18 Av""",90,"B19","036","D"
"847","D","D037","""20 Av""",90,"B20","037","D"
"848","D","D038","""Bay Pkwy""",60,"B21","038","D"
"849","D","D039","""25 Av""",90,"B22","039","D"
"850","D","D040","""Bay 50 St""",120,"B23","040","D"
"851","D","D041","""Coney Island - Stillwell Av""",240,"D43","041","DFNQ"
"852","SI","SI01","""St George""",0,"S31","01","SI"
"853","SI","SI02","""Tompkinsville""",180,"S30","02","SI"
"854","SI","SI03","""Stapleton""",120,"S29","03","SI"
"855","SI","SI04","""Clifton""",120,"S28","04","SI"
"856","SI","SI05","""Grasmere""",180,"S27","05","SI"
"857","SI","SI06","""Old Town""",120,"S26","06","SI"
"858","SI","SI07","""Dongan Hills""",120,"S25","07","SI"
"859","SI","SI08","""Jefferson Av""",120,"S24","08","SI"
"860","SI","SI09","""Grant City""",60,"S23","09","SI"
"861","SI","SI010","""New Dorp""",120,"S22","010","SI"
"862","SI","SI011","""Oakwood Heights""",120,"S21","011","SI"
"863","SI","SI012","""Bay Terrace""",120,"S20","012","SI"
"864","SI","SI013","""Great Kills""",120,"S19","013","SI"
"865","SI","SI014","""Eltingville""",120,"S18","014","SI"
"866","SI","SI015","""Annadale""",120,"S17","015","SI"
"867","SI","SI016","""Huguenot""",120,"S16","016","SI"
"868","SI","SI017","""Prince's Bay""",120,"S15","017","SI"
"869","SI","SI018","""Pleasant Plains""",120,"S14","018","SI"
"870","SI","SI019","""Richmond Valley""",120,"S13","019","SI"
"871","SI","SI020","""Nassau""",120,"S12","020","SI"
"872","SI","SI021","""Atlantic""",60,"S10","021","SI"
"873","SI","SI022","""Tottenville""",120,"S09","022","SI"
