,train,train_stop,stop_id,station,time_travel,stop,line_name,station_id
1,1,101,101,"Van Cortlandt Park - 242 St"101,0,01,1,101
2,1,102,103,"238 St"103,90,02,1,103
3,1,103,104,"231 St"104,90,03,1,104
4,1,104,106,"Marble Hill - 225 St"106,90,04,1,106
5,1,105,107,"215 St"107,90,05,1,107
6,1,106,108,"207 St"108,60,06,1,108
7,1,107,109,"Dyckman St"109,90,07,1,109
8,1,108,110,"191 St"110,90,08,1,110
9,1,109,111,"181 St"111,90,09,1,111
10,1,1010,112,"168 St - Washington Hts"112,120,010,1AC,112
11,1,1011,113,"157 St"113,90,011,1,113
12,1,1012,114,"145 St"114,120,012,1,114
13,1,1013,115,"137 St - City College"115,90,013,1,115
14,1,1014,116,"125 St"116,90,014,1,116
15,1,1015,117,"116 St - Columbia University"117,150,015,1,117
16,1,1016,118,"Cathedral Pkwy"118,60,016,1,118
17,1,1017,119,"103 St"119,60,017,1,119
18,1,1018,120,"96 St"120,120,018,123,120
19,1,1019,121,"86 St"121,120,019,1,121
20,1,1020,122,"79 St"122,60,020,1,122
21,1,1021,123,"72 St"123,90,021,123,123
22,1,1022,124,"66 St - Lincoln Center"124,90,022,1,124
23,1,1023,125,"59 St - Columbus Circle"125,90,023,1ABCD,125
24,1,1024,126,"50 St"126,120,024,1,126
25,1,1025,127,"Times Sq - 42 St"127,90,025,1237ACEGNQRS,127
26,1,1026,128,"34 St - Penn Station"128,90,026,123,128
27,1,1027,129,"28 St"129,90,027,1,129
28,1,1028,130,"23 St"130,60,028,1,130
29,1,1029,131,"18 St"131,60,029,1,131
30,1,1030,132,"14 St"132,60,030,123FLM,132
31,1,1031,133,"Christopher St - Sheridan Sq"133,90,031,1,133
32,1,1032,134,"Houston St"134,90,032,1,134
33,1,1033,135,"Canal St"135,90,033,1,135
34,1,1034,136,"Franklin St"136,60,034,1,136
35,1,1035,137,"Chambers St"137,210,035,123,137
36,1,1037,139,"Rector St"139,150,037,1,139
37,1,1038,140,"South Ferry Loop"140,210,038,1NR,140
38,2,201,201,"Wakefield - 241 St"201,0,01,2,201
39,2,202,204,"Nereid Av"204,90,02,25,204
40,2,203,205,"233 St"205,90,03,25,205
41,2,204,206,"225 St"206,90,04,25,206
42,2,205,207,"219 St"207,60,05,25,207
43,2,206,208,"Gun Hill Rd"208,90,06,25,208
44,2,207,209,"Burke Av"209,90,07,25,209
45,2,208,210,"Allerton Av"210,90,08,25,210
46,2,209,211,"Pelham Pkwy"211,120,09,25,211
47,2,2010,212,"Bronx Park East"212,120,010,25,212
48,2,2011,213,"E 180 St"213,120,011,25,213
49,2,2012,214,"West Farms Sq - E Tremont Av"214,90,012,2,214
50,2,2013,215,"174 St"215,120,013,2,215
51,2,2014,216,"Freeman St"216,120,014,2,216
52,2,2015,217,"Simpson St"217,120,015,2,217
53,2,2016,218,"Intervale Av"218,60,016,2,218
54,2,2017,219,"Prospect Av"219,60,017,2,219
55,2,2018,220,"Jackson Av"220,90,018,2,220
56,2,2019,221,"3 Av - 149 St"221,150,019,25,221
57,2,2020,222,"149 St - Grand Concourse"222,120,020,245,222
58,2,2021,224,"135 St"224,210,021,23,224
59,2,2022,225,"125 St"225,120,022,23,225
60,2,2023,226,"116 St"226,90,023,23,226
61,2,2024,227,"Central Park North (110 St)"227,60,024,23,227
62,2,2025,120,"96 St"120,270,025,123,120
63,2,2026,123,"72 St"123,180,026,123,123
64,2,2027,127,"Times Sq - 42 St"127,270,027,1237ACEGNQRS,127
65,2,2028,128,"34 St - Penn Station"128,60,028,123,128
66,2,2029,132,"14 St"132,180,029,123FLM,132
67,2,2030,137,"Chambers St"137,270,030,123,137
68,2,2031,228,"Park Pl"228,90,031,23ACE,228
69,2,2032,229,"Fulton St"229,120,032,2345ACJZ,229
70,2,2033,230,"Wall St"230,90,033,23,230
71,2,2034,231,"Clark St"231,270,034,23,231
72,2,2035,232,"Borough Hall"232,90,035,2345NR,232
73,2,2036,233,"Hoyt St"233,90,036,23,233
74,2,2037,234,"Nevins St"234,60,037,2345,234
75,2,2038,235,"Atlantic Av - Barclays Ctr"235,90,038,2345BDNQR,235
76,2,2039,236,"Bergen St"236,60,039,234,236
77,2,2040,237,"Grand Army Plaza"237,120,040,234,237
78,2,2041,238,"Eastern Pkwy - Brooklyn Museum"238,120,041,234,238
79,2,2042,239,"Franklin Av"239,90,042,2345FS,239
80,2,2043,241,"President St"241,180,043,2,241
81,2,2044,242,"Sterling St"242,90,044,25,242
82,2,2045,243,"Winthrop St"243,90,045,25,243
83,2,2046,244,"Church Av"244,330,046,25,244
84,2,2047,245,"Beverly Rd"245,330,047,25,245
85,2,2048,246,"Newkirk Av"246,90,048,25,246
86,2,2049,247,"Flatbush Av - Brooklyn College"247,150,049,25,247
87,3,301,301,"Harlem - 148 St"301,0,01,3,301
88,3,302,302,"145 St"302,120,02,3,302
89,3,303,224,"135 St"224,120,03,23,224
90,3,304,225,"125 St"225,120,04,23,225
91,3,305,226,"116 St"226,90,05,23,226
92,3,306,227,"Central Park North (110 St)"227,60,06,23,227
93,3,307,120,"96 St"120,270,07,123,120
94,3,308,123,"72 St"123,180,08,123,123
95,3,309,127,"Times Sq - 42 St"127,270,09,1237ACEGNQRS,127
96,3,3010,128,"34 St - Penn Station"128,60,010,123,128
97,3,3011,132,"14 St"132,180,011,123FLM,132
98,3,3012,137,"Chambers St"137,270,012,123,137
99,3,3013,228,"Park Pl"228,90,013,23ACE,228
100,3,3014,229,"Fulton St"229,120,014,2345ACJZ,229
101,3,3015,230,"Wall St"230,90,015,23,230
102,3,3016,231,"Clark St"231,270,016,23,231
103,3,3017,232,"Borough Hall"232,90,017,2345NR,232
104,3,3018,233,"Hoyt St"233,90,018,23,233
105,3,3019,234,"Nevins St"234,60,019,2345,234
106,3,3020,235,"Atlantic Av - Barclays Ctr"235,90,020,2345BDNQR,235
107,3,3021,236,"Bergen St"236,60,021,234,236
108,3,3022,237,"Grand Army Plaza"237,120,022,234,237
109,3,3023,238,"Eastern Pkwy - Brooklyn Museum"238,120,023,234,238
110,3,3024,239,"Franklin Av"239,150,024,2345FS,239
111,3,3025,248,"Nostrand Av"248,150,025,34,248
112,3,3026,249,"Kingston Av"249,90,026,34,249
113,3,3027,250,"Crown Hts - Utica Av"250,330,027,345,250
114,3,3028,251,"Sutter Av - Rutland Rd"251,390,028,34,251
115,3,3029,252,"Saratoga Av"252,90,029,34,252
116,3,3030,253,"Rockaway Av"253,120,030,34,253
117,3,3031,254,"Junius St"254,60,031,34L,254
118,3,3032,255,"Pennsylvania Av"255,120,032,34,255
119,3,3033,256,"Van Siclen Av"256,60,033,34,256
120,3,3034,257,"New Lots Av"257,90,034,34,257
121,4,401,401,"Woodlawn"401,0,01,4,401
122,4,402,402,"Mosholu Pkwy"402,120,02,4,402
123,4,403,405,"Bedford Park Blvd - Lehman College"405,120,03,4,405
124,4,404,406,"Kingsbridge Rd"406,120,04,4,406
125,4,405,407,"Fordham Rd"407,90,05,4,407
126,4,406,408,"183 St"408,60,06,4,408
127,4,407,409,"Burnside Av"409,90,07,4,409
128,4,408,410,"176 St"410,90,08,4,410
129,4,409,411,"Mt Eden Av"411,90,09,4,411
130,4,4010,412,"170 St"412,90,010,4,412
131,4,4011,413,"167 St"413,90,011,4,413
132,4,4012,414,"161 St - Yankee Stadium"414,150,012,4BD,414
133,4,4013,415,"149 St - Grand Concourse"222,180,013,245,222
134,4,4014,416,"138 St - Grand Concourse"416,120,014,45,416
135,4,4015,621,"125 St"621,180,015,456,621
136,4,4016,626,"86 St"626,270,016,456,626
137,4,4017,629,"59 St"629,240,017,456FNR,629
138,4,4018,631,"Grand Central - 42 St"631,180,018,4567GS,631
139,4,4019,635,"14 St - Union Sq"635,270,019,456LNQR,635
140,4,4020,640,"Brooklyn Bridge - City Hall"640,330,020,456JZ,640
141,4,4021,418,"Fulton St"229,120,021,2345ACJZ,229
142,4,4022,419,"Wall St"419,60,022,45,419
143,4,4023,420,"Bowling Green"420,90,023,45,420
144,4,4024,423,"Borough Hall"232,330,024,2345NR,232
145,4,4025,234,"Nevins St"234,120,025,2345,234
146,4,4026,235,"Atlantic Av - Barclays Ctr"235,90,026,2345BDNQR,235
147,4,4027,239,"Franklin Av"239,240,027,2345FS,239
148,4,4028,250,"Crown Hts - Utica Av"250,210,028,345,250
149,4,4029,251,"Sutter Av - Rutland Rd"251,180,029,34,251
150,4,4030,252,"Saratoga Av"252,90,030,34,252
151,4,4031,253,"Rockaway Av"253,120,031,34,253
152,4,4032,254,"Junius St"254,60,032,34L,254
153,4,4033,255,"Pennsylvania Av"255,120,033,34,255
154,4,4034,256,"Van Siclen Av"256,60,034,34,256
155,4,4035,257,"New Lots Av"257,90,035,34,257
156,5,501,501,"Eastchester - Dyre Av"501,0,01,5,501
157,5,502,502,"Baychester Av"502,120,02,5,502
158,5,503,503,"Gun Hill Rd"503,150,03,5,503
159,5,504,504,"Pelham Pkwy"504,150,04,5,504
160,5,505,505,"Morris Park"505,60,05,5,505
161,5,506,213,"E 180 St"213,210,06,25,213
162,5,507,214,"West Farms Sq - E Tremont Av"214,90,07,2,214
163,5,508,215,"174 St"215,120,08,2,215
164,5,509,216,"Freeman St"216,120,09,2,216
165,5,5010,217,"Simpson St"217,120,010,2,217
166,5,5011,218,"Intervale Av"218,60,011,2,218
167,5,5012,219,"Prospect Av"219,60,012,2,219
168,5,5013,220,"Jackson Av"220,90,013,2,220
169,5,5014,221,"3 Av - 149 St"221,150,014,25,221
170,5,5015,222,"149 St - Grand Concourse"222,120,015,245,222
171,5,5016,416,"138 St - Grand Concourse"416,180,016,45,416
172,5,5017,621,"125 St"621,180,017,456,621
173,5,5018,626,"86 St"626,300,018,456,626
174,5,5019,629,"59 St"629,240,019,456FNR,629
175,5,5020,631,"Grand Central - 42 St"631,150,020,4567GS,631
176,5,5021,635,"14 St - Union Sq"635,240,021,456LNQR,635
177,5,5022,640,"Brooklyn Bridge - City Hall"640,270,022,456JZ,640
178,5,5023,418,"Fulton St"229,120,023,2345ACJZ,229
179,5,5024,419,"Wall St"419,60,024,45,419
180,5,5025,420,"Bowling Green"420,90,025,45,420
181,5,5026,423,"Borough Hall"232,300,026,2345NR,232
182,5,5027,234,"Nevins St"234,120,027,2345,234
183,5,5028,235,"Atlantic Av - Barclays Ctr"235,90,028,2345BDNQR,235
184,5,5029,239,"Franklin Av"239,240,029,2345FS,239
185,5,5030,241,"President St"241,180,030,2,241
186,5,5031,242,"Sterling St"242,90,031,25,242
187,5,5032,243,"Winthrop St"243,90,032,25,243
188,5,5033,244,"Church Av"244,330,033,25,244
189,5,5034,245,"Beverly Rd"245,330,034,25,245
190,5,5035,246,"Newkirk Av"246,90,035,25,246
191,5,5036,247,"Flatbush Av - Brooklyn College"247,150,036,25,247
192,6,601,640,"Brooklyn Bridge - City Hall"640,0,01,456JZ,640
193,6,602,639,"Canal St"639,120,02,6JNQRZ,639
194,6,603,638,"Spring St"638,90,03,6,638
195,6,604,637,"Bleecker St"637,60,04,6BDFM,637
196,6,605,636,"Astor Pl"636,90,05,6,636
197,6,606,635,"14 St - Union Sq"635,90,06,456LNQR,635
198,6,607,634,"23 St"634,120,07,6,634
199,6,608,633,"28 St"633,60,08,6,633
200,6,609,632,"33 St"632,60,09,6,632
201,6,6010,631,"Grand Central - 42 St"631,120,010,4567GS,631
202,6,6011,630,"51 St"630,120,011,6EM,630
203,6,6012,629,"59 St"629,90,012,456FNR,629
204,6,6013,628,"68 St - Hunter College"628,90,013,6,628
205,6,6014,627,"77 St"627,120,014,6,627
206,6,6015,626,"86 St"626,90,015,456,626
207,6,6016,625,"96 St"625,120,016,6,625
208,6,6017,624,"103 St"624,90,017,6,624
209,6,6018,623,"110 St"623,60,018,6,623
210,6,6019,622,"116 St"622,90,019,6,622
211,6,6020,621,"125 St"621,90,020,456,621
212,6,6021,619,"3 Av - 138 St"619,180,021,6,619
213,6,6022,618,"Brook Av"618,90,022,6,618
214,6,6023,617,"Cypress Av"617,60,023,6,617
215,6,6024,616,"E 143 St - St Mary's St"616,120,024,6,616
216,6,6025,615,"E 149 St"615,90,025,6,615
217,6,6026,614,"Longwood Av"614,90,026,6,614
218,6,6027,613,"Hunts Point Av"613,120,027,6,613
219,6,6028,612,"Whitlock Av"612,120,028,6,612
220,6,6029,611,"Elder Av"611,90,029,6,611
221,6,6030,610,"Morrison Av- Sound View"610,60,030,6,610
222,6,6031,609,"St Lawrence Av"609,90,031,6,609
223,6,6032,608,"Parkchester"608,90,032,6,608
224,6,6033,607,"Castle Hill Av"607,90,033,6,607
225,6,6035,604,"Westchester Sq - E Tremont Av"604,60,035,6,604
226,6,6036,603,"Middletown Rd"603,90,036,6,603
227,6,6038,601,"Pelham Bay Park"601,150,038,6,601
228,6X,6X01,601,"Pelham Bay Park"601,0,01,6,601
229,6X,6X03,603,"Middletown Rd"603,90,03,6,603
230,6X,6X04,604,"Westchester Sq - E Tremont Av"604,90,04,6,604
231,6X,6X06,607,"Castle Hill Av"607,60,06,6,607
232,6X,6X07,608,"Parkchester"608,120,07,6,608
233,6X,6X08,609,"St Lawrence Av"609,90,08,6,609
234,6X,6X09,610,"Morrison Av- Sound View"610,90,09,6,610
235,6X,6X010,611,"Elder Av"611,60,010,6,611
236,6X,6X011,612,"Whitlock Av"612,120,011,6,612
237,6X,6X012,613,"Hunts Point Av"613,120,012,6,613
238,6X,6X013,619,"3 Av - 138 St"619,420,013,6,619
239,6X,6X014,621,"125 St"621,180,014,456,621
240,6X,6X015,622,"116 St"622,90,015,6,622
241,6X,6X016,623,"110 St"623,90,016,6,623
242,6X,6X017,624,"103 St"624,60,017,6,624
243,6X,6X018,625,"96 St"625,90,018,6,625
244,6X,6X019,626,"86 St"626,120,019,456,626
245,6X,6X020,627,"77 St"627,120,020,6,627
246,6X,6X021,628,"68 St - Hunter College"628,120,021,6,628
247,6X,6X022,629,"59 St"629,90,022,456FNR,629
248,6X,6X023,630,"51 St"630,120,023,6EM,630
249,6X,6X024,631,"Grand Central - 42 St"631,120,024,4567GS,631
250,6X,6X025,632,"33 St"632,120,025,6,632
251,6X,6X026,633,"28 St"633,60,026,6,633
252,6X,6X027,634,"23 St"634,60,027,6,634
253,6X,6X028,635,"14 St - Union Sq"635,120,028,456LNQR,635
254,6X,6X029,636,"Astor Pl"636,60,029,6,636
255,6X,6X030,637,"Bleecker St"637,90,030,6BDFM,637
256,6X,6X031,638,"Spring St"638,60,031,6,638
257,6X,6X032,639,"Canal St"639,90,032,6JNQRZ,639
258,6X,6X033,640,"Brooklyn Bridge - City Hall"640,120,033,456JZ,640
259,7,701,725,"Times Sq - 42 St"127,0,01,1237ACEGNQRS,127
260,7,702,724,"5 Av"724,90,02,7BDFM,724
261,7,703,723,"Grand Central - 42 St"631,90,03,4567GS,631
262,7,704,721,"Vernon Blvd - Jackson Av"721,270,04,7,721
263,7,705,720,"Hunters Point Av"720,60,05,7,720
264,7,706,719,"Court Sq"719,120,06,7EGM,719
265,7,707,718,"Queensboro Plaza"718,90,07,7N,718
266,7,708,716,"33 St"716,150,08,7,716
267,7,709,715,"40 St"715,60,09,7,715
268,7,7010,714,"46 St"714,60,010,7,714
269,7,7011,713,"52 St"713,60,011,7,713
270,7,7012,712,"Woodside - 61 St"712,120,012,7,712
271,7,7013,711,"69 St"711,120,013,7,711
272,7,7014,710,"74 St - Broadway"710,90,014,7EFMR,710
273,7,7015,709,"82 St - Jackson Hts"709,60,015,7,709
274,7,7016,708,"90 St - Elmhurst Av"708,60,016,7,708
275,7,7017,707,"Junction Blvd"707,90,017,7,707
276,7,7018,706,"103 St - Corona Plaza"706,60,018,7,706
277,7,7019,705,"111 St"705,60,019,7,705
278,7,7020,702,"Mets - Willets Point"702,150,020,7,702
279,7,7021,701,"Flushing - Main St"701,210,021,7,701
280,7X,7X01,725,"Times Sq - 42 St"127,0,01,1237ACEGNQRS,127
281,7X,7X02,724,"5 Av"724,90,02,7BDFM,724
282,7X,7X03,723,"Grand Central - 42 St"631,90,03,4567GS,631
283,7X,7X04,721,"Vernon Blvd - Jackson Av"721,300,04,7,721
284,7X,7X05,720,"Hunters Point Av"720,60,05,7,720
285,7X,7X06,719,"Court Sq"719,120,06,7EGM,719
286,7X,7X07,718,"Queensboro Plaza"718,90,07,7N,718
287,7X,7X08,712,"Woodside - 61 St"712,330,08,7,712
288,7X,7X09,707,"Junction Blvd"707,240,09,7,707
289,7X,7X010,702,"Mets - Willets Point"702,300,010,7,702
290,7X,7X011,701,"Flushing - Main St"701,300,011,7,701
291,A,A01,H11,"Far Rockaway - Mott Av"H11,0,01,A,H11
292,A,A02,H10,"Beach 25 St"H10,90,02,A,H10
293,A,A03,H09,"Beach 36 St"H09,120,03,A,H09
294,A,A04,H08,"Beach 44 St"H08,90,04,A,H08
295,A,A05,H07,"Beach 60 St"H07,120,05,A,H07
296,A,A06,H06,"Beach 67 St"H06,90,06,A,H06
297,A,A07,H04,"Broad Channel"H04,240,07,AH,H04
298,A,A08,H03,"Howard Beach - JFK Airport"H03,390,08,A,H03
299,A,A09,H02,"Aqueduct - N Conduit Av"H02,120,09,A,H02
300,A,A010,H01,"Aqueduct Racetrack"H01,60,010,A,H01
301,A,A011,A61,"Rockaway Blvd"A61,180,011,A,A61
302,A,A012,A60,"88 St"A60,90,012,A,A60
303,A,A013,A59,"80 St"A59,90,013,A,A59
304,A,A014,A57,"Grant Av"A57,90,014,A,A57
305,A,A015,A55,"Euclid Av"A55,90,015,AC,A55
306,A,A016,A51,"Broadway Jct"A51,240,016,ACJLZ,A51
307,A,A017,A48,"Utica Av"A48,210,017,AC,A48
308,A,A018,A46,"Nostrand Av"A46,180,018,AC,A46
309,A,A019,A42,"Hoyt - Schermerhorn Sts"A42,300,019,ACG,A42
310,A,A020,A41,"Jay St - MetroTech"A41,90,020,ACFNR,A41
311,A,A021,A40,"High St"A40,120,021,AC,A40
312,A,A022,A38,"Fulton St"229,180,022,2345ACJZ,229
313,A,A023,A36,"Chambers St"A36,120,023,23ACE,A36
314,A,A024,A34,"Canal St"A34,90,024,ACE,A34
315,A,A025,A32,"W 4 St"A32,150,025,ABCDEFM,A32
316,A,A026,A31,"14 St"A31,150,026,ACEL,A31
317,A,A027,A28,"34 St - Penn Station"A28,180,027,ACE,A28
318,A,A028,A27,"42 St - Port Authority Bus Terminal"A27,90,028,1237ACEGNQRS,A27
319,A,A029,A24,"59 St - Columbus Circle"125,180,029,1ABCD,125
320,A,A030,A15,"125 St"A15,480,030,ABCD,A15
321,A,A031,A12,"145 St"A12,180,031,ABCD,A12
322,A,A032,A09,"168 St"A09,180,032,1AC,A09
323,A,A033,A07,"175 St"A07,120,033,A,A07
324,A,A034,A06,"181 St"A06,60,034,A,A06
325,A,A035,A05,"190 St"A05,120,035,A,A05
326,A,A036,A03,"Dyckman St"A03,150,036,A,A03
327,A,A037,A02,"Inwood - 207 St"A02,120,037,A,A02
328,B,B01,D03,"Bedford Park Blvd"D03,0,01,BD,D03
329,B,B02,D04,"Kingsbridge Rd"D04,120,02,BD,D04
330,B,B03,D05,"Fordham Rd"D05,120,03,BD,D05
331,B,B04,D06,"182-183 Sts"D06,90,04,BD,D06
332,B,B05,D07,"Tremont Av"D07,90,05,BD,D07
333,B,B06,D08,"174-175 Sts"D08,90,06,BD,D08
334,B,B07,D09,"170 St"D09,150,07,BD,D09
335,B,B08,D10,"167 St"D10,120,08,BD,D10
336,B,B09,D11,"161 St - Yankee Stadium"414,150,09,4BD,414
337,B,B010,D12,"155 St"D12,90,010,BD,D12
338,B,B011,D13,"145 St"A12,90,011,ABCD,A12
339,B,B012,A14,"135 St"A14,120,012,ABC,A14
340,B,B013,A15,"125 St"A15,180,013,ABCD,A15
341,B,B014,A16,"116 St"A16,180,014,ABC,A16
342,B,B015,A17,"Cathedral Pkwy (110 St)"A17,90,015,ABC,A17
343,B,B016,A18,"103 St"A18,60,016,ABC,A18
344,B,B017,A19,"96 St"A19,90,017,ABC,A19
345,B,B018,A20,"86 St"A20,90,018,ABC,A20
346,B,B019,A21,"81 St - Museum of Natural History"A21,90,019,ABC,A21
347,B,B020,A22,"72 St"A22,90,020,ABC,A22
348,B,B021,A24,"59 St - Columbus Circle"125,90,021,1ABCD,125
349,B,B022,D14,"7 Av"D14,120,022,BDE,D14
350,B,B023,D15,"47-50 Sts - Rockefeller Ctr"D15,120,023,BDFM,D15
351,B,B024,D16,"42 St - Bryant Pk"D16,90,024,7BDFM,D16
352,B,B025,D17,"34 St - Herald Sq"D17,120,025,BDFMNQR,D17
353,B,B026,D20,"W 4 St"A32,180,026,ABCDEFM,A32
354,B,B027,D21,"Broadway-Lafayette St"D21,120,027,6BDFM,D21
355,B,B028,D22,"Grand St"D22,120,028,BD,D22
356,B,B029,R30,"DeKalb Av"R30,510,029,BDNQR,R30
357,B,B030,D24,"Atlantic Av - Barclays Ctr"235,120,030,2345BDNQR,235
358,B,B031,D25,"7 Av"D25,120,031,BQ,D25
359,B,B032,D26,"Prospect Park"D26,270,032,BFQS,D26
360,B,B033,D28,"Church Av"D28,120,033,BQ,D28
361,B,B034,D31,"Newkirk Plaza"D31,150,034,BQ,D31
362,B,B035,D35,"Kings Hwy"D35,270,035,BQ,D35
363,B,B036,D39,"Sheepshead Bay"D39,300,036,BQ,D39
364,B,B037,D40,"Brighton Beach"D40,120,037,BQ,D40
365,C,C01,A09,"168 St"A09,0,01,1AC,A09
366,C,C02,A10,"163 St - Amsterdam Av"A10,60,02,AC,A10
367,C,C03,A11,"155 St"A11,90,03,AC,A11
368,C,C04,A12,"145 St"A12,90,04,ABCD,A12
369,C,C05,A14,"135 St"A14,120,05,ABC,A14
370,C,C06,A15,"125 St"A15,90,06,ABCD,A15
371,C,C07,A16,"116 St"A16,90,07,ABC,A16
372,C,C08,A17,"Cathedral Pkwy (110 St)"A17,90,08,ABC,A17
373,C,C09,A18,"103 St"A18,60,09,ABC,A18
374,C,C010,A19,"96 St"A19,90,010,ABC,A19
375,C,C011,A20,"86 St"A20,90,011,ABC,A20
376,C,C012,A21,"81 St - Museum of Natural History"A21,90,012,ABC,A21
377,C,C013,A22,"72 St"A22,90,013,ABC,A22
378,C,C014,A24,"59 St - Columbus Circle"125,90,014,1ABCD,125
379,C,C015,A25,"50 St"A25,90,015,ACE,A25
380,C,C016,A27,"42 St - Port Authority Bus Terminal"A27,120,016,1237ACEGNQRS,A27
381,C,C017,A28,"34 St - Penn Station"A28,90,017,ACE,A28
382,C,C018,A30,"23 St"A30,120,018,ACE,A30
383,C,C019,A31,"14 St"A31,90,019,ACEL,A31
384,C,C020,A32,"W 4 St"A32,150,020,ABCDEFM,A32
385,C,C021,A33,"Spring St"A33,90,021,ACE,A33
386,C,C022,A34,"Canal St"A34,90,022,ACE,A34
387,C,C023,A36,"Chambers St"A36,120,023,23ACE,A36
388,C,C024,A38,"Fulton St"229,120,024,2345ACJZ,229
389,C,C025,A40,"High St"A40,180,025,AC,A40
390,C,C026,A41,"Jay St - MetroTech"A41,120,026,ACFNR,A41
391,C,C027,A42,"Hoyt - Schermerhorn Sts"A42,90,027,ACG,A42
392,C,C028,A43,"Lafayette Av"A43,120,028,AC,A43
393,C,C029,A44,"Clinton - Washington Avs"A44,120,029,AC,A44
394,C,C030,A45,"Franklin Av"A45,90,030,ACFS,A45
395,C,C031,A46,"Nostrand Av"A46,90,031,AC,A46
396,C,C032,A47,"Kingston - Throop Avs"A47,90,032,AC,A47
397,C,C033,A48,"Utica Av"A48,120,033,AC,A48
398,C,C034,A49,"Ralph Av"A49,120,034,AC,A49
399,C,C035,A50,"Rockaway Av"A50,90,035,AC,A50
400,C,C036,A51,"Broadway Jct"A51,90,036,ACJLZ,A51
401,C,C037,A52,"Liberty Av"A52,120,037,AC,A52
402,C,C038,A53,"Van Siclen Av"A53,90,038,AC,A53
403,C,C039,A54,"Shepherd Av"A54,90,039,AC,A54
404,C,C040,A55,"Euclid Av"A55,90,040,AC,A55
405,D,D01,D43,"Coney Island - Stillwell Av"D43,0,01,DFNQ,D43
406,D,D02,B23,"Bay 50 St"B23,240,02,D,B23
407,D,D03,B22,"25 Av"B22,150,03,D,B22
408,D,D04,B21,"Bay Pkwy"B21,90,04,D,B21
409,D,D05,B20,"20 Av"B20,60,05,D,B20
410,D,D06,B19,"18 Av"B19,90,06,D,B19
411,D,D07,B18,"79 St"B18,90,07,D,B18
412,D,D08,B17,"71 St"B17,90,08,D,B17
413,D,D09,B16,"62 St"B16,120,09,DN,B16
414,D,D010,B15,"55 St"B15,120,010,D,B15
415,D,D011,B14,"50 St"B14,90,011,D,B14
416,D,D012,B13,"Fort Hamilton Pkwy"B13,90,012,D,B13
417,D,D013,B12,"9 Av"B12,150,013,D,B12
418,D,D014,R36,"36 St"R36,240,014,DNR,R36
419,D,D015,R31,"Atlantic Av - Barclays Ctr"235,330,015,2345BDNQR,235
420,D,D016,D22,"Grand St"D22,630,016,BD,D22
421,D,D017,D21,"Broadway-Lafayette St"D21,120,017,6BDFM,D21
422,D,D018,D20,"W 4 St"A32,120,018,ABCDEFM,A32
423,D,D019,D17,"34 St - Herald Sq"D17,180,019,BDFMNQR,D17
424,D,D020,D16,"42 St - Bryant Pk"D16,90,020,7BDFM,D16
425,D,D021,D15,"47-50 Sts - Rockefeller Ctr"D15,90,021,BDFM,D15
426,D,D022,D14,"7 Av"D14,90,022,BDE,D14
427,D,D023,A24,"59 St - Columbus Circle"125,120,023,1ABCD,125
428,D,D024,A15,"125 St"A15,480,024,ABCD,A15
429,D,D025,D13,"145 St"A12,270,025,ABCD,A12
430,D,D026,D12,"155 St"D12,150,026,BD,D12
431,D,D027,D11,"161 St - Yankee Stadium"414,90,027,4BD,414
432,D,D028,D10,"167 St"D10,150,028,BD,D10
433,D,D029,D09,"170 St"D09,120,029,BD,D09
434,D,D030,D08,"174-175 Sts"D08,120,030,BD,D08
435,D,D031,D07,"Tremont Av"D07,210,031,BD,D07
436,D,D032,D06,"182-183 Sts"D06,210,032,BD,D06
437,D,D033,D05,"Fordham Rd"D05,90,033,BD,D05
438,D,D034,D04,"Kingsbridge Rd"D04,90,034,BD,D04
439,D,D035,D03,"Bedford Park Blvd"D03,120,035,BD,D03
440,D,D036,D01,"Norwood - 205 St"D01,150,036,D,D01
441,E,E01,E01,"World Trade Center"E01,0,01,23ACE,E01
442,E,E02,A34,"Canal St"A34,120,02,ACE,A34
443,E,E03,A33,"Spring St"A33,90,03,ACE,A33
444,E,E04,A32,"W 4 St"A32,120,04,ABCDEFM,A32
445,E,E05,A31,"14 St"A31,150,05,ACEL,A31
446,E,E06,A30,"23 St"A30,90,06,ACE,A30
447,E,E07,A28,"34 St - Penn Station"A28,120,07,ACE,A28
448,E,E08,A27,"42 St - Port Authority Bus Terminal"A27,90,08,1237ACEGNQRS,A27
449,E,E09,A25,"50 St"A25,120,09,ACE,A25
450,E,E010,D14,"7 Av"D14,90,010,BDE,D14
451,E,E011,F12,"5 Av/53 St"F12,90,011,EM,F12
452,E,E012,F11,"Lexington Av/53 St"F11,90,012,6EM,F11
453,E,E013,F09,"Court Sq"719,210,013,7EGM,719
454,E,E014,G21,"Queens Plaza"G21,90,014,EMR,G21
455,E,E015,G14,"Jackson Hts - Roosevelt Av"G14,330,015,7EFMR,G14
456,E,E016,G08,"Forest Hills - 71 Av"G08,420,016,EFMR,G08
457,E,E017,F06,"Kew Gardens - Union Tpke"F06,150,017,EF,F06
458,E,E018,G07,"Jamaica - Van Wyck"G07,180,018,E,G07
459,E,E019,G06,"Sutphin Blvd - Archer Av - JFK Airport"G06,150,019,EJZ,G06
460,E,E020,G05,"Jamaica Center - Parsons/Archer"G05,120,020,EJZ,G05
461,F,F01,D43,"Coney Island - Stillwell Av"D43,0,01,DFNQ,D43
462,F,F02,D42,"W 8 St - NY Aquarium"D42,90,02,FQ,D42
463,F,F03,F39,"Neptune Av"F39,90,03,F,F39
464,F,F04,F38,"Avenue X"F38,120,04,F,F38
465,F,F05,F36,"Avenue U"F36,120,05,F,F36
466,F,F06,F35,"Kings Hwy"F35,120,06,F,F35
467,F,F07,F34,"Avenue P"F34,90,07,F,F34
468,F,F08,F33,"Avenue N"F33,90,08,F,F33
469,F,F09,F32,"Bay Pkwy"F32,90,09,F,F32
470,F,F010,F31,"Avenue I"F31,60,010,F,F31
471,F,F011,F30,"18 Av"F30,90,011,F,F30
472,F,F012,F29,"Ditmas Av"F29,90,012,F,F29
473,F,F013,F27,"Church Av"F27,120,013,FG,F27
474,F,F014,F26,"Fort Hamilton Pkwy"F26,90,014,FG,F26
475,F,F015,F25,"15 St - Prospect Park"F25,150,015,FG,F25
476,F,F016,F24,"7 Av"F24,90,016,FG,F24
477,F,F017,F23,"4 Av"F23,120,017,DFGNR,F23
478,F,F018,F22,"Smith - 9 Sts"F22,90,018,FG,F22
479,F,F019,F21,"Carroll St"F21,120,019,FG,F21
480,F,F020,F20,"Bergen St"F20,90,020,FG,F20
481,F,F021,A41,"Jay St - MetroTech"A41,150,021,ACFNR,A41
482,F,F022,F18,"York St"F18,90,022,F,F18
483,F,F023,F16,"East Broadway"F16,180,023,F,F16
484,F,F024,F15,"Delancey St"F15,90,024,FJMZ,F15
485,F,F025,F14,"2 Av"F14,90,025,F,F14
486,F,F026,D21,"Broadway-Lafayette St"D21,90,026,6BDFM,D21
487,F,F027,D20,"W 4 St"A32,150,027,ABCDEFM,A32
488,F,F028,D19,"14 St"132,90,028,123FLM,132
489,F,F029,D18,"23 St"D18,90,029,FM,D18
490,F,F030,D17,"34 St - Herald Sq"D17,90,030,BDFMNQR,D17
491,F,F031,D16,"42 St - Bryant Pk"D16,90,031,7BDFM,D16
492,F,F032,D15,"47-50 Sts - Rockefeller Ctr"D15,90,032,BDFM,D15
493,F,F033,B10,"57 St"B10,90,033,F,B10
494,F,F034,B08,"Lexington Av/63 St"B08,150,034,456FNR,B08
495,F,F035,B06,"Roosevelt Island"B06,150,035,F,B06
496,F,F036,B04,"21 St - Queensbridge"B04,120,036,F,B04
497,F,F037,G14,"Jackson Hts - Roosevelt Av"G14,360,037,7EFMR,G14
498,F,F038,G08,"Forest Hills - 71 Av"G08,420,038,EFMR,G08
499,F,F039,F07,"75 Av"F07,120,039,EF,F07
500,F,F040,F06,"Kew Gardens - Union Tpke"F06,90,040,EF,F06
501,F,F041,F05,"Briarwood - Van Wyck Blvd"F05,120,041,EF,F05
502,F,F042,F04,"Sutphin Blvd"F04,90,042,F,F04
503,F,F043,F03,"Parsons Blvd"F03,210,043,F,F03
504,F,F044,F02,"169 St"F02,390,044,F,F02
505,F,F045,F01,"Jamaica - 179 St"F01,300,045,F,F01
506,FS,FS01,D26,"Prospect Park"D26,0,01,BFQS,D26
507,FS,FS02,S04,"Botanic Garden"S04,180,02,2345FS,S04
508,FS,FS03,S03,"Park Pl"S03,120,03,FS,S03
509,FS,FS04,S01,"Franklin Av"A45,120,04,ACFS,A45
510,GS,GS01,901,"Grand Central - 42 St"631,0,01,4567GS,631
511,GS,GS02,902,"Times Sq - 42 St"127,90,02,1237ACEGNQRS,127
512,G,G01,G22,"Court Sq"719,0,01,7EGM,719
513,G,G02,G24,"21 St"G24,60,02,G,G24
514,G,G03,G26,"Greenpoint Av"G26,150,03,G,G26
515,G,G04,G28,"Nassau Av"G28,90,04,G,G28
516,G,G05,G29,"Metropolitan Av"G29,180,05,GL,G29
517,G,G06,G30,"Broadway"G30,90,06,G,G30
518,G,G07,G31,"Flushing Av"G31,60,07,G,G31
519,G,G08,G32,"Myrtle - Willoughby Avs"G32,90,08,G,G32
520,G,G09,G33,"Bedford - Nostrand Avs"G33,90,09,G,G33
521,G,G010,G34,"Classon Av"G34,60,010,G,G34
522,G,G011,G35,"Clinton - Washington Avs"G35,90,011,G,G35
523,G,G012,G36,"Fulton St"G36,90,012,G,G36
524,G,G013,A42,"Hoyt - Schermerhorn Sts"A42,90,013,ACG,A42
525,G,G014,F20,"Bergen St"F20,90,014,FG,F20
526,G,G015,F21,"Carroll St"F21,90,015,FG,F21
527,G,G016,F22,"Smith - 9 Sts"F22,90,016,FG,F22
528,G,G017,F23,"4 Av"F23,90,017,DFGNR,F23
529,G,G018,F24,"7 Av"F24,90,018,FG,F24
530,G,G019,F25,"15 St - Prospect Park"F25,90,019,FG,F25
531,G,G020,F26,"Fort Hamilton Pkwy"F26,150,020,FG,F26
532,G,G021,F27,"Church Av"F27,90,021,FG,F27
533,H,H01,H15,"Rockaway Park - Beach 116 St"H15,0,01,AS,H15
534,H,H02,H14,"Beach 105 St"H14,120,02,AS,H14
535,H,H03,H13,"Beach 98 St"H13,120,03,AS,H13
536,H,H04,H12,"Beach 90 St"H12,90,04,AS,H12
537,H,H05,H04,"Broad Channel"H04,360,05,AS,H04
538,J,J01,M23,"Broad St"M23,0,01,JZ,M23
539,J,J02,M22,"Fulton St"229,90,02,2345ACJZ,229
540,J,J03,M21,"Chambers St"M21,90,03,456JZ,M21
541,J,J04,M20,"Canal St"639,120,04,6JNQRZ,639
542,J,J05,M19,"Bowery"M19,120,05,JZ,M19
543,J,J06,M18,"Essex St"M18,120,06,FJMZ,M18
544,J,J07,M16,"Marcy Av"M16,450,07,JMZ,M16
545,J,J08,M14,"Hewes St"M14,60,08,JM,M14
546,J,J09,M13,"Lorimer St"M13,90,09,JM,M13
547,J,J010,M12,"Flushing Av"M12,90,010,JM,M12
548,J,J011,M11,"Myrtle Av"M11,60,011,JMZ,M11
549,J,J012,J31,"Kosciuszko St"J31,90,012,J,J31
550,J,J013,J30,"Gates Av"J30,90,013,JZ,J30
551,J,J014,J29,"Halsey St"J29,90,014,J,J29
552,J,J015,J28,"Chauncey St"J28,90,015,JZ,J28
553,J,J016,J27,"Broadway Jct"A51,90,016,ACJLZ,A51
554,J,J017,J24,"Alabama Av"J24,120,017,JZ,J24
555,J,J018,J23,"Van Siclen Av"J23,90,018,JZ,J23
556,J,J019,J22,"Cleveland St"J22,90,019,J,J22
557,J,J020,J21,"Norwood Av"J21,60,020,JZ,J21
558,J,J021,J20,"Crescent St"J20,120,021,JZ,J20
559,J,J022,J19,"Cypress Hills"J19,120,022,J,J19
560,J,J023,J17,"75 St"J17,60,023,JZ,J17
561,J,J024,J16,"85 St - Forest Pkwy"J16,90,024,J,J16
562,J,J025,J15,"Woodhaven Blvd"J15,120,025,JZ,J15
563,J,J026,J14,"104 St"J14,90,026,JZ,J14
564,J,J027,J13,"111 St"J13,120,027,J,J13
565,J,J028,J12,"121 St"J12,90,028,JZ,J12
566,J,J029,G06,"Sutphin Blvd - Archer Av - JFK Airport"G06,240,029,EJZ,G06
567,J,J030,G05,"Jamaica Center - Parsons/Archer"G05,60,030,EJZ,G05
568,L,L01,L29,"Canarsie - Rockaway Pkwy"L29,0,01,L,L29
569,L,L02,L28,"E 105 St"L28,120,02,L,L28
570,L,L03,L27,"New Lots Av"L27,120,03,L,L27
571,L,L04,L26,"Livonia Av"L26,90,04,34L,L26
572,L,L05,L25,"Sutter Av"L25,90,05,L,L25
573,L,L06,L24,"Atlantic Av"L24,90,06,L,L24
574,L,L07,L22,"Broadway Jct"A51,90,07,ACJLZ,A51
575,L,L08,L21,"Bushwick Av - Aberdeen St"L21,60,08,L,L21
576,L,L09,L20,"Wilson Av"L20,90,09,L,L20
577,L,L010,L19,"Halsey St"L19,150,010,L,L19
578,L,L011,L17,"Myrtle - Wyckoff Avs"L17,90,011,LM,L17
579,L,L012,L16,"DeKalb Av"L16,120,012,L,L16
580,L,L013,L15,"Jefferson St"L15,60,013,L,L15
581,L,L014,L14,"Morgan Av"L14,150,014,L,L14
582,L,L015,L13,"Montrose Av"L13,120,015,L,L13
583,L,L016,L12,"Grand St"L12,60,016,L,L12
584,L,L017,L11,"Graham Av"L11,60,017,L,L11
585,L,L018,L10,"Lorimer St"L10,90,018,GL,L10
586,L,L019,L08,"Bedford Av"L08,120,019,L,L08
587,L,L020,L06,"1 Av"L06,240,020,L,L06
588,L,L021,L05,"3 Av"L05,60,021,L,L05
589,L,L022,L03,"14 St - Union Sq"635,90,022,456LNQR,635
590,L,L023,L02,"6 Av"L02,90,023,123FLM,L02
591,L,L024,L01,"8 Av"L01,60,024,ACEL,L01
592,M,M01,M01,"Middle Village - Metropolitan Av"M01,0,01,M,M01
593,M,M02,M04,"Fresh Pond Rd"M04,120,02,M,M04
594,M,M03,M05,"Forest Av"M05,90,03,M,M05
595,M,M04,M06,"Seneca Av"M06,60,04,M,M06
596,M,M05,M08,"Myrtle - Wyckoff Avs"L17,90,05,LM,L17
597,M,M06,M09,"Knickerbocker Av"M09,120,06,M,M09
598,M,M07,M10,"Central Av"M10,120,07,M,M10
599,M,M08,M11,"Myrtle Av"M11,120,08,JMZ,M11
600,M,M09,M12,"Flushing Av"M12,90,09,JM,M12
601,M,M010,M13,"Lorimer St"M13,90,010,JM,M13
602,M,M011,M14,"Hewes St"M14,60,011,JM,M14
603,M,M012,M16,"Marcy Av"M16,60,012,JMZ,M16
604,M,M013,M18,"Essex St"M18,510,013,FJMZ,M18
605,M,M014,D21,"Broadway-Lafayette St"D21,240,014,6BDFM,D21
606,M,M015,D20,"W 4 St"A32,150,015,ABCDEFM,A32
607,M,M016,D19,"14 St"132,90,016,123FLM,132
608,M,M017,D18,"23 St"D18,90,017,FM,D18
609,M,M018,D17,"34 St - Herald Sq"D17,90,018,BDFMNQR,D17
610,M,M019,D16,"42 St - Bryant Pk"D16,90,019,7BDFM,D16
611,M,M020,D15,"47-50 Sts - Rockefeller Ctr"D15,90,020,BDFM,D15
612,M,M021,F12,"5 Av/53 St"F12,180,021,EM,F12
613,M,M022,F11,"Lexington Av/53 St"F11,150,022,6EM,F11
614,M,M023,F09,"Court Sq"719,180,023,7EGM,719
615,M,M024,G21,"Queens Plaza"G21,90,024,EMR,G21
616,M,M025,G20,"36 St"G20,120,025,EMR,G20
617,M,M026,G19,"Steinway St"G19,120,026,EMR,G19
618,M,M027,G18,"46 St"G18,90,027,EMR,G18
619,M,M028,G16,"Northern Blvd"G16,90,028,EMR,G16
620,M,M029,G15,"65 St"G15,60,029,EMR,G15
621,M,M030,G14,"Jackson Hts - Roosevelt Av"G14,90,030,7EFMR,G14
622,M,M031,G13,"Elmhurst Av"G13,90,031,EMR,G13
623,M,M032,G12,"Grand Av - Newtown"G12,90,032,EMR,G12
624,M,M033,G11,"Woodhaven Blvd"G11,120,033,EMR,G11
625,M,M034,G10,"63 Dr - Rego Park"G10,60,034,EMR,G10
626,M,M035,G09,"67 Av"G09,120,035,EMR,G09
627,M,M036,G08,"Forest Hills - 71 Av"G08,90,036,EFMR,G08
628,N,N01,R01,"Astoria - Ditmars Blvd"R01,0,01,NQ,R01
629,N,N02,R03,"Astoria Blvd"R03,90,02,NQ,R03
630,N,N03,R04,"30 Av"R04,60,03,NQ,R04
631,N,N04,R05,"Broadway"R05,90,04,NQ,R05
632,N,N05,R06,"36 Av"R06,120,05,NQ,R06
633,N,N06,R08,"39 Av"R08,60,06,N,R08
634,N,N07,R09,"Queensboro Plaza"718,150,07,7N,718
635,N,N08,R11,"Lexington Av/59 St"R11,300,08,456FNR,R11
636,N,N09,R13,"5 Av/59 St"R13,90,09,NR,R13
637,N,N010,R14,"57 St - 7 Av"R14,150,010,NQR,R14
638,N,N011,R15,"49 St"R15,90,011,NQR,R15
639,N,N012,R16,"Times Sq - 42 St"127,90,012,1237ACEGNQRS,127
640,N,N013,R17,"34 St - Herald Sq"D17,90,013,BDFMNQR,D17
641,N,N014,R18,"28 St"R18,60,014,NQR,R18
642,N,N015,R19,"23 St"R19,90,015,NQR,R19
643,N,N016,R20,"14 St - Union Sq"635,90,016,456LNQR,635
644,N,N017,R21,"8 St - NYU"R21,120,017,NQR,R21
645,N,N018,R22,"Prince St"R22,120,018,NQR,R22
646,N,N019,Q01,"Canal St"639,120,019,6JNQRZ,639
647,N,N020,R31,"Atlantic Av - Barclays Ctr"235,750,020,2345BDNQR,235
648,N,N021,R36,"36 St"R36,330,021,DNR,R36
649,N,N022,R41,"59 St"R41,210,022,NR,R41
650,N,N023,N02,"8 Av"N02,180,023,N,N02
651,N,N024,N03,"Fort Hamilton Pkwy"N03,90,024,N,N03
652,N,N025,N04,"New Utrecht Av"N04,120,025,DN,N04
653,N,N026,N05,"18 Av"N05,90,026,N,N05
654,N,N027,N06,"20 Av"N06,90,027,N,N06
655,N,N028,N07,"Bay Pkwy"N07,90,028,N,N07
656,N,N029,N08,"Kings Hwy"N08,120,029,N,N08
657,N,N030,N09,"Avenue U"N09,120,030,N,N09
658,N,N031,N10,"86 St"N10,240,031,N,N10
659,N,N032,D43,"Coney Island - Stillwell Av"D43,420,032,DFNQ,D43
660,Q,Q01,R01,"Astoria - Ditmars Blvd"R01,0,01,NQ,R01
661,Q,Q02,R03,"Astoria Blvd"R03,90,02,NQ,R03
662,Q,Q03,R04,"30 Av"R04,60,03,NQ,R04
663,Q,Q04,R05,"Broadway"R05,90,04,NQ,R05
664,Q,Q05,R06,"36 Av"R06,120,05,NQ,R06
665,Q,Q06,R08,"39 Av"R08,60,06,N,R08
666,Q,Q07,R09,"Queensboro Plaza"718,210,07,7N,718
667,Q,Q08,R11,"Lexington Av/59 St"R11,360,08,456FNR,R11
668,Q,Q09,R13,"5 Av/59 St"R13,90,09,NR,R13
669,Q,Q010,R14,"57 St - 7 Av"R14,150,010,NQR,R14
670,Q,Q011,R15,"49 St"R15,90,011,NQR,R15
671,Q,Q012,R16,"Times Sq - 42 St"127,90,012,1237ACEGNQRS,127
672,Q,Q013,R17,"34 St - Herald Sq"D17,210,013,BDFMNQR,D17
673,Q,Q014,R20,"14 St - Union Sq"635,300,014,456LNQR,635
674,Q,Q015,Q01,"Canal St"639,240,015,6JNQRZ,639
675,Q,Q016,R30,"DeKalb Av"R30,480,016,BDNQR,R30
676,Q,Q017,D24,"Atlantic Av - Barclays Ctr"235,90,017,2345BDNQR,235
677,Q,Q018,D25,"7 Av"D25,150,018,BQ,D25
678,Q,Q019,D26,"Prospect Park"D26,240,019,BFQS,D26
679,Q,Q020,D27,"Parkside Av"D27,90,020,Q,D27
680,Q,Q021,D28,"Church Av"D28,90,021,BQ,D28
681,Q,Q022,D29,"Beverley Rd"D29,90,022,Q,D29
682,Q,Q023,D30,"Cortelyou Rd"D30,60,023,Q,D30
683,Q,Q024,D31,"Newkirk Plaza"D31,90,024,BQ,D31
684,Q,Q025,D32,"Avenue H"D32,60,025,Q,D32
685,Q,Q026,D33,"Avenue J"D33,90,026,Q,D33
686,Q,Q027,D34,"Avenue M"D34,90,027,Q,D34
687,Q,Q028,D35,"Kings Hwy"D35,150,028,BQ,D35
688,Q,Q029,D37,"Avenue U"D37,150,029,Q,D37
689,Q,Q030,D38,"Neck Rd"D38,60,030,Q,D38
690,Q,Q031,D39,"Sheepshead Bay"D39,150,031,BQ,D39
691,Q,Q032,D40,"Brighton Beach"D40,120,032,BQ,D40
692,Q,Q033,D41,"Ocean Pkwy"D41,120,033,Q,D41
693,Q,Q034,D42,"W 8 St - NY Aquarium"D42,120,034,FQ,D42
694,Q,Q035,D43,"Coney Island - Stillwell Av"D43,90,035,DFNQ,D43
695,R,R01,G08,"Forest Hills - 71 Av"G08,0,01,EFMR,G08
696,R,R02,G09,"67 Av"G09,90,02,EMR,G09
697,R,R03,G10,"63 Dr - Rego Park"G10,120,03,EMR,G10
698,R,R04,G11,"Woodhaven Blvd"G11,60,04,EMR,G11
699,R,R05,G12,"Grand Av - Newtown"G12,120,05,EMR,G12
700,R,R06,G13,"Elmhurst Av"G13,90,06,EMR,G13
701,R,R07,G14,"Jackson Hts - Roosevelt Av"G14,90,07,7EFMR,G14
702,R,R08,G15,"65 St"G15,90,08,EMR,G15
703,R,R09,G16,"Northern Blvd"G16,90,09,EMR,G16
704,R,R010,G18,"46 St"G18,90,010,EMR,G18
705,R,R011,G19,"Steinway St"G19,90,011,EMR,G19
706,R,R012,G20,"36 St"G20,120,012,EMR,G20
707,R,R013,G21,"Queens Plaza"G21,120,013,EMR,G21
708,R,R014,R11,"Lexington Av/59 St"R11,330,014,456FNR,R11
709,R,R015,R13,"5 Av/59 St"R13,90,015,NR,R13
710,R,R016,R14,"57 St - 7 Av"R14,150,016,NQR,R14
711,R,R017,R15,"49 St"R15,90,017,NQR,R15
712,R,R018,R16,"Times Sq - 42 St"127,90,018,1237ACEGNQRS,127
713,R,R019,R17,"34 St - Herald Sq"D17,90,019,BDFMNQR,D17
714,R,R020,R18,"28 St"R18,60,020,NQR,R18
715,R,R021,R19,"23 St"R19,90,021,NQR,R19
716,R,R022,R20,"14 St - Union Sq"635,90,022,456LNQR,635
717,R,R023,R21,"8 St - NYU"R21,90,023,NQR,R21
718,R,R024,R22,"Prince St"R22,150,024,NQR,R22
719,R,R025,R23,"Canal St"639,90,025,6JNQRZ,639
720,R,R026,R24,"City Hall"R24,150,026,NR,R24
721,R,R027,R25,"Cortlandt St"R25,120,027,NR,R25
722,R,R028,R26,"Rector St"R26,90,028,NR,R26
723,R,R029,R27,"Whitehall St"R27,120,029,1NR,R27
724,R,R030,R28,"Court St"R28,210,030,2345NR,R28
725,R,R031,R29,"Jay St - MetroTech"A41,120,031,ACFNR,A41
726,R,R032,R30,"DeKalb Av"R30,180,032,BDNQR,R30
727,R,R033,R31,"Atlantic Av - Barclays Ctr"235,240,033,2345BDNQR,235
728,R,R034,R32,"Union St"R32,120,034,DNR,R32
729,R,R035,R33,"9 St"R33,90,035,DFGNR,R33
730,R,R036,R34,"Prospect Av"R34,120,036,DNR,R34
731,R,R037,R35,"25 St"R35,90,037,DNR,R35
732,R,R038,R36,"36 St"R36,90,038,DNR,R36
733,R,R039,R39,"45 St"R39,120,039,NR,R39
734,R,R040,R40,"53 St"R40,90,040,NR,R40
735,R,R041,R41,"59 St"R41,90,041,NR,R41
736,R,R042,R42,"Bay Ridge Av"R42,120,042,R,R42
737,R,R043,R43,"77 St"R43,90,043,R,R43
738,R,R044,R44,"86 St"R44,120,044,R,R44
739,R,R045,R45,"Bay Ridge - 95 St"R45,120,045,R,R45
740,Z,Z01,M23,"Broad St"M23,0,01,JZ,M23
741,Z,Z02,M22,"Fulton St"229,120,02,2345ACJZ,229
742,Z,Z03,M21,"Chambers St"M21,120,03,456JZ,M21
743,Z,Z04,M20,"Canal St"639,120,04,6JNQRZ,639
744,Z,Z05,M19,"Bowery"M19,150,05,JZ,M19
745,Z,Z06,M18,"Essex St"M18,120,06,FJMZ,M18
746,Z,Z07,M16,"Marcy Av"M16,450,07,JMZ,M16
747,Z,Z08,M11,"Myrtle Av"M11,240,08,JMZ,M11
748,Z,Z09,J30,"Gates Av"J30,180,09,JZ,J30
749,Z,Z010,J28,"Chauncey St"J28,150,010,JZ,J28
750,Z,Z011,J27,"Broadway Jct"A51,60,011,ACJLZ,A51
751,Z,Z012,J24,"Alabama Av"J24,90,012,JZ,J24
752,Z,Z013,J23,"Van Siclen Av"J23,60,013,JZ,J23
753,Z,Z014,J21,"Norwood Av"J21,150,014,JZ,J21
754,Z,Z015,J20,"Crescent St"J20,90,015,JZ,J20
755,Z,Z016,J17,"75 St"J17,150,016,JZ,J17
756,Z,Z017,J15,"Woodhaven Blvd"J15,180,017,JZ,J15
757,Z,Z018,J14,"104 St"J14,90,018,JZ,J14
758,Z,Z019,J12,"121 St"J12,180,019,JZ,J12
759,Z,Z020,G06,"Sutphin Blvd - Archer Av - JFK Airport"G06,240,020,EJZ,G06
760,Z,Z021,G05,"Jamaica Center - Parsons/Archer"G05,60,021,EJZ,G05
